Year,순위,팀명,경기,승,패,무,승률,게임차,최근10경기,연속,홈,방문
1982,1,OB,80,56,24,0,0.700,0,5승0무5패,2패,28-0-12,28-0-12
1982,2,삼성,80,54,26,0,0.675,2,6승0무4패,1패,30-0-10,24-0-16
1982,3,MBC,80,46,34,0,0.575,10,8승0무2패,2승,24-0-16,22-0-18
1982,4,해태,80,38,42,0,0.475,18,7승0무3패,4승,21-0-19,17-0-23
1982,5,롯데,80,31,49,0,0.388,25,3승0무7패,2패,19-0-21,12-0-28
1982,6,삼미,80,15,65,0,0.188,41,2승0무8패,4패,10-0-30,5-0-35
1983,1,해태,100,55,44,1,0.556,0,4승0무6패,1승,34-1-15,21-0-29
1983,2,MBC,100,55,43,2,0.561,-0.5,6승0무4패,2패,28-1-21,27-1-22
1983,3,삼미,100,52,47,1,0.525,3,4승0무6패,2패,28-1-21,24-0-26
1983,4,삼성,100,46,50,4,0.479,7.5,7승0무3패,2패,26-0-24,20-4-26
1983,5,OB,100,44,55,1,0.444,11,7승0무3패,2승,22-1-27,22-0-28
1983,6,롯데,100,43,56,1,0.434,12,2승0무8패,1패,21-1-28,22-0-28
1984,1,롯데,100,50,48,2,0.510,0,7승0무3패,2승,28-1-21,22-1-27
1984,2,삼성,100,55,45,0,0.550,-4,3승0무7패,4패,32-0-18,23-0-27
1984,3,OB,100,58,41,1,0.586,-7.5,7승0무3패,4승,33-0-17,25-1-24
1984,4,MBC,100,51,48,1,0.515,-0.5,6승0무4패,1패,28-1-21,23-0-27
1984,5,해태,100,43,54,3,0.443,6.5,2승1무7패,2패,27-3-20,16-0-34
1984,6,삼미,100,38,59,3,0.392,11.5,3승1무6패,3패,21-0-29,17-3-30
1985,1,삼성,110,77,32,1,0.706,0,8승0무2패,1승,35-0-20,42-1-12
1985,2,롯데,110,59,51,0,0.536,18.5,5승0무5패,1승,28-0-27,31-0-24
1985,3,해태,110,57,52,1,0.523,20,4승0무6패,1패,27-0-28,30-1-24
1985,4,OB,110,51,57,2,0.472,25.5,5승0무5패,1패,26-1-28,25-1-29
1985,5,MBC,110,44,65,1,0.404,33,5승0무5패,1승,18-1-36,26-0-29
1985,6,청보,110,39,70,1,0.358,38,5승0무5패,1승,16-1-38,23-0-32
1986,1,해태,108,67,37,4,0.644,0,5승0무5패,1패,38-2-14,29-2-23
1986,2,삼성,108,70,37,1,0.654,-1.5,7승0무3패,1패,36-0-18,34-1-19
1986,3,MBC,108,59,41,8,0.590,6,5승2무3패,1승,31-6-17,28-2-24
1986,4,OB,108,56,48,4,0.538,11,6승1무3패,5승,32-1-21,24-3-27
1986,5,롯데,108,50,52,6,0.490,16,3승1무6패,2패,29-3-22,21-3-30
1986,6,청보,108,32,74,2,0.302,36,1승0무9패,5패,17-1-36,15-1-38
1986,7,빙그레,108,31,76,1,0.290,37.5,4승0무6패,1승,18-0-36,13-1-40
1987,1,해태,108,55,48,5,0.532,0,6승0무4패,1승,27-4-23,28-1-25
1987,2,삼성,108,64,44,0,0.593,-6.5,4승0무6패,3패,34-0-20,30-0-24
1987,3,롯데,108,54,49,5,0.523,1,6승0무4패,4승,29-2-23,25-3-26
1987,4,OB,108,55,52,1,0.514,2,5승0무5패,1승,30-0-24,25-1-28
1987,5,MBC,108,50,51,7,0.495,4,4승1무5패,1패,29-2-23,21-5-28
1987,6,빙그레,108,47,57,4,0.454,8.5,5승0무5패,1승,26-3-25,21-1-32
1987,7,청보,108,41,65,2,0.389,15.5,4승1무5패,1승,20-1-33,21-1-32
1988,1,해태,108,68,38,2,0.639,0,8승0무2패,1패,33-1-20,35-1-18
1988,2,빙그레,108,62,45,1,0.579,6.5,4승0무6패,2패,30-0-24,32-1-21
1988,3,롯데,108,57,49,2,0.537,11,4승0무6패,1승,30-0-24,27-2-25
1988,4,삼성,108,56,50,2,0.528,12,6승0무4패,1패,30-1-23,26-1-27
1988,5,OB,108,54,52,2,0.509,14,2승0무8패,1승,30-2-22,24-0-30
1988,6,MBC,108,40,64,4,0.389,27,5승0무5패,2승,19-2-33,21-2-31
1988,7,태평양,108,34,73,1,0.319,34.5,4승0무6패,4패,19-1-34,15-0-39
1989,1,해태,120,65,51,4,0.558,0,3승0무7패,3패,42-2-16,23-2-35
1989,2,빙그레,120,71,46,3,0.604,-5.5,4승0무6패,2패,43-2-15,28-1-31
1989,3,태평양,120,62,54,4,0.533,3,8승0무2패,5승,34-2-24,28-2-30
1989,4,삼성,120,57,58,5,0.496,7.5,5승0무5패,2패,32-2-26,25-3-32
1989,5,OB,120,54,63,3,0.463,11.5,3승0무7패,2승,29-1-30,25-2-33
1989,6,MBC,120,49,67,4,0.425,16,8승0무2패,1패,26-2-32,23-2-35
1989,7,롯데,120,48,67,5,0.421,16.5,4승1무5패,3승,30-3-27,18-2-40
1990,1,LG,120,71,49,0,0.592,0,7승0무3패,4승,39-0-21,32-0-28
1990,2,삼성,120,66,52,2,0.558,4,4승0무6패,2패,36-1-23,30-1-29
1990,3,해태,120,68,49,3,0.579,1.5,7승0무3패,2패,37-1-22,31-2-27
1990,4,빙그레,120,68,50,2,0.575,2,4승0무6패,1패,41-0-19,27-2-31
1990,5,태평양,120,58,59,3,0.496,11.5,6승0무4패,2승,31-1-28,27-2-31
1990,6,롯데,120,44,71,5,0.388,24.5,4승1무5패,1패,24-2-34,20-3-37
1990,7,OB,120,35,80,5,0.313,33.5,1승1무8패,5패,19-5-36,16-0-44
1991,1,해태,126,79,42,5,0.647,0,7승0무3패,1승,43-3-17,36-2-25
1991,2,빙그레,126,72,49,5,0.591,7,5승0무5패,1승,39-1-23,33-4-26
1991,3,삼성,126,70,55,1,0.560,11,5승0무5패,1승,35-0-28,35-1-27
1991,4,롯데,126,61,62,3,0.496,19,4승0무6패,1패,35-3-25,26-0-37
1991,5,태평양,126,55,69,2,0.444,25.5,5승0무5패,1승,31-1-31,24-1-38
1991,6,LG,126,53,72,1,0.425,28,1승0무9패,1패,29-1-33,24-0-39
1991,6,쌍방울,126,52,71,3,0.425,28,4승0무6패,4패,29-1-33,23-2-38
1991,8,OB,126,51,73,2,0.413,29.5,7승0무3패,3승,29-1-33,22-1-40
1992,1,롯데,126,71,55,0,0.563,0,6승0무4패,2패,41-0-22,30-0-33
1992,2,빙그레,126,81,43,2,0.651,-11,8승0무2패,6승,39-2-22,42-0-21
1992,3,해태,126,71,54,1,0.567,-0.5,2승0무8패,6패,44-1-18,27-0-36
1992,4,삼성,126,67,57,2,0.540,3,7승0무3패,2승,33-1-29,34-1-28
1992,5,OB,126,56,66,4,0.460,13,6승0무4패,2패,30-1-32,26-3-34
1992,6,태평양,126,56,67,3,0.456,13.5,8승0무2패,1승,30-2-31,26-1-36
1992,7,LG,126,53,70,3,0.433,16.5,5승0무5패,4패,28-1-34,25-2-36
1992,8,쌍방울,126,41,84,1,0.329,29.5,2승0무8패,7패,28-0-35,13-1-49
1993,1,해태,126,81,42,3,0.655,0,6승1무3패,1패,45-1-17,36-2-25
1993,2,삼성,126,73,48,5,0.599,7,6승0무4패,2승,39-3-21,34-2-27
1993,3,OB,126,66,55,5,0.544,14,7승0무3패,3승,34-1-28,32-4-27
1993,4,LG,126,66,57,3,0.536,15,2승1무7패,3패,36-1-26,30-2-31
1993,5,빙그레,126,61,61,4,0.500,19.5,6승0무4패,2승,35-2-26,26-2-35
1993,6,롯데,126,62,63,1,0.496,20,6승0무4패,1패,33-1-29,29-0-34
1993,7,쌍방울,126,43,78,5,0.361,37,4승0무6패,1패,26-2-35,17-3-43
1993,8,태평양,126,34,82,10,0.310,43.5,1승0무9패,5패,17-7-39,17-3-43
1994,1,LG,126,81,45,0,0.643,0,7승0무3패,2승,45-0-18,36-0-27
1994,2,태평양,126,68,55,3,0.552,11.5,4승0무6패,4패,35-2-26,33-1-29
1994,3,해태,126,65,59,2,0.524,15,5승0무5패,1승,34-1-28,31-1-31
1994,3,한화,126,65,59,2,0.524,15,6승0무4패,3승,34-0-29,31-2-30
1994,5,삼성,126,60,64,2,0.484,20,5승0무5패,3패,33-2-28,27-0-36
1994,6,롯데,126,56,67,3,0.456,23.5,5승0무5패,3패,30-2-31,26-1-36
1994,7,OB,126,53,72,1,0.425,27.5,3승0무7패,1패,29-1-33,24-0-39
1994,8,쌍방울,126,47,74,5,0.393,31.5,6승0무4패,2승,28-1-34,19-4-40
1995,1,OB,126,74,47,5,0.607,0,8승0무2패,3승,39-2-22,35-3-25
1995,2,롯데,126,68,53,5,0.560,6,7승0무3패,2승,38-4-21,30-1-32
1995,3,LG,126,74,48,4,0.603,0.5,7승0무3패,4승,40-4-19,34-0-29
1995,4,해태,126,64,58,4,0.524,10.5,7승0무3패,1승,38-2-23,26-2-35
1995,5,삼성,126,60,60,6,0.500,13.5,4승0무6패,4패,38-1-24,22-5-36
1995,6,한화,126,55,71,0,0.437,21.5,3승0무7패,3패,32-0-31,23-0-40
1995,7,태평양,126,48,73,5,0.401,26,3승0무7패,3패,29-1-33,19-4-40
1995,8,쌍방울,126,45,78,3,0.369,30,3승0무7패,1승,29-2-32,16-1-46
1996,1,해태,126,73,51,2,0.587,0,6승0무4패,1승,38-1-24,35-1-27
1996,2,현대,126,67,54,5,0.552,4.5,7승0무3패,1패,32-5-26,35-0-28
1996,3,쌍방울,126,70,54,2,0.563,3,7승0무3패,1패,39-1-23,31-1-31
1996,4,한화,126,70,55,1,0.560,3.5,7승0무3패,1패,33-1-29,37-0-26
1996,5,롯데,126,57,63,6,0.476,14,6승0무4패,1승,34-1-28,23-5-35
1996,6,삼성,126,54,67,5,0.448,17.5,3승0무7패,6패,26-4-33,28-1-34
1996,7,LG,126,50,71,5,0.417,21.5,2승0무8패,1승,30-1-32,20-4-39
1996,8,OB,126,47,73,6,0.397,24,1승0무9패,7패,26-2-35,21-4-38
1997,1,해태,126,75,50,1,0.599,0,6승0무4패,1패,40-0-23,35-1-27
1997,2,LG,126,73,51,2,0.587,1.5,9승0무1패,1승,40-2-21,33-0-30
1997,3,쌍방울,126,71,53,2,0.571,3.5,7승0무3패,3승,42-1-20,29-1-33
1997,4,삼성,126,66,53,7,0.552,6,4승1무5패,2패,34-3-26,32-4-27
1997,5,OB,126,57,64,5,0.472,16,3승0무7패,2패,33-3-27,24-2-37
1997,6,현대,126,51,71,4,0.421,22.5,3승0무7패,1승,27-2-34,24-2-37
1997,7,한화,126,51,73,2,0.413,23.5,2승0무8패,5패,28-1-34,23-1-39
1997,8,롯데,126,48,77,1,0.385,27,2승0무8패,1승,27-0-36,21-1-41
1998,1,현대,126,81,45,0,0.643,0,3승0무7패,2패,41-0-22,40-0-23
1998,2,LG,126,63,62,1,0.504,17.5,7승0무3패,1패,33-1-29,30-0-33
1998,3,삼성,126,66,58,2,0.532,14,4승0무6패,2승,34-2-27,32-0-31
1998,4,OB,126,61,62,3,0.496,18.5,8승1무1패,8승,31-1-31,30-2-31
1998,5,해태,126,61,64,1,0.488,19.5,6승0무4패,2패,32-0-31,29-1-33
1998,6,쌍방울,126,58,66,2,0.468,22,6승0무4패,4승,30-1-32,28-1-34
1998,7,한화,126,55,66,5,0.455,23.5,2승1무7패,7패,29-2-32,26-3-34
1998,8,롯데,126,50,72,4,0.410,29,2승0무8패,6패,26-2-35,24-2-37
1999,1,롯데,132,75,52,5,0.591,0,7승0무3패,2패,37-2-27,38-3-25
1999,2,두산,132,76,51,5,0.598,-1,8승0무2패,5승,39-3-24,37-2-27
1999,3,현대,132,68,59,5,0.535,7,6승0무4패,3승,29-4-33,39-1-26
1999,4,해태,132,60,69,3,0.465,16,3승0무7패,4패,32-1-33,28-2-36
2000,1,현대,133,91,40,2,0.695,0,7승0무3패,1패,42-1-23,49-1-17
2000,2,두산,133,76,57,0,0.571,16,5승0무5패,1승,46-0-21,30-0-36
2000,3,삼성,133,69,59,5,0.539,20.5,3승0무7패,3패,35-3-29,34-2-30
2000,4,해태,133,57,72,4,0.442,33,7승0무3패,2승,27-2-37,30-2-35
2001,1,두산,133,65,63,5,0.508,0,2승0무8패,3패,33-4-29,32-1-34
2001,2,삼성,133,81,52,0,0.609,-13.5,4승0무6패,1승,42-0-24,39-0-28
2001,3,현대,133,72,57,4,0.558,-6.5,3승0무7패,1승,39-1-27,33-3-30
2001,4,한화,133,61,68,4,0.473,4.5,7승0무3패,2패,27-3-36,34-1-32
2001,5,KIA,133,60,68,5,0.469,5,6승0무4패,1승,28-3-36,32-2-32
2001,6,LG,133,58,67,8,0.464,5.5,7승0무3패,3승,33-1-33,25-7-34
2001,7,SK,133,60,71,2,0.458,6.5,7승0무3패,1패,32-1-34,28-1-37
2001,8,롯데,133,59,70,4,0.457,6.5,5승0무5패,2패,26-3-37,33-1-33
2002,1,삼성,133,82,47,4,0.636,0,6승0무4패,2승,40-2-25,42-2-22
2002,2,LG,133,66,61,6,0.520,15,5승0무5패,1승,32-4-30,34-2-31
2002,3,KIA,133,78,51,4,0.605,4,4승0무6패,2패,38-4-24,40-0-27
2002,4,현대,133,70,58,5,0.547,11.5,6승0무4패,1패,36-2-28,34-3-30
2002,5,두산,133,66,65,2,0.504,17,4승0무6패,2패,32-0-35,34-2-30
2002,6,SK,133,61,69,3,0.469,21.5,5승0무5패,3승,31-2-33,30-1-36
2002,7,한화,133,59,69,5,0.461,22.5,3승0무7패,1승,31-1-35,28-4-34
2002,8,롯데,133,35,97,1,0.265,48.5,5승0무5패,1패,18-0-49,17-1-48
2003,1,현대,133,80,51,2,0.611,0,7승0무3패,1승,40-1-26,40-1-25
2003,2,SK,133,66,64,3,0.508,13.5,5승0무5패,1승,35-2-30,31-1-34
2003,3,KIA,133,78,50,5,0.609,0.5,6승1무3패,1패,44-1-22,34-4-28
2003,4,삼성,133,76,53,4,0.589,3,3승1무6패,3패,42-1-23,34-3-30
2003,5,한화,133,63,65,5,0.492,15.5,6승0무4패,3패,36-3-27,27-2-38
2003,6,LG,133,60,71,2,0.458,20,3승0무7패,2승,34-1-32,26-1-39
2003,7,두산,133,57,74,2,0.435,23,5승0무5패,1승,25-2-39,32-0-35
2003,8,롯데,133,39,91,3,0.300,40.5,3승0무7패,2승,20-2-44,19-1-47
2004,1,현대,133,75,53,5,0.586,0,7승0무3패,3승,40-4-22,35-1-31
2004,2,삼성,133,73,52,8,0.584,0.5,6승1무3패,1패,36-3-28,37-5-24
2004,3,두산,133,70,62,1,0.530,7,6승0무4패,1승,40-0-27,30-1-35
2004,4,KIA,133,67,61,5,0.523,8,4승1무5패,3패,34-2-30,33-3-31
2004,5,SK,133,61,64,8,0.488,12.5,2승0무8패,1패,32-5-29,29-3-35
2004,6,LG,133,59,70,4,0.457,16.5,4승0무6패,2패,33-4-29,26-0-41
2004,7,한화,133,53,74,6,0.417,21.5,5승0무5패,1승,27-3-37,26-3-37
2004,8,롯데,133,50,72,11,0.410,22,5승0무5패,3승,24-3-40,26-8-32
2005,1,삼성,126,74,48,4,0.607,0,5승0무5패,1승,36-3-24,38-1-24
2005,2,두산,126,72,51,3,0.585,2.5,9승0무1패,6승,41-0-22,31-3-29
2005,3,SK,126,70,50,6,0.583,3,6승0무4패,1패,35-4-24,35-2-26
2005,4,한화,126,64,61,1,0.512,11.5,3승0무7패,2패,35-1-27,29-0-34
2005,5,롯데,126,58,67,1,0.464,17.5,5승0무5패,1승,29-0-34,29-1-33
2005,6,LG,126,54,71,1,0.432,21.5,5승0무5패,1승,33-0-30,21-1-41
2005,7,현대,126,53,70,3,0.431,21.5,6승0무4패,2패,26-2-35,27-1-35
2005,8,KIA,126,49,76,1,0.392,26.5,4승0무6패,1패,28-0-35,21-1-41
2006,1,삼성,126,73,50,3,0.593,0,6승0무4패,2승,39-1-23,34-2-27
2006,2,한화,126,67,57,2,0.540,6.5,7승0무3패,2승,33-2-28,34-0-29
2006,3,현대,126,70,55,1,0.560,4,5승0무5패,2패,35-1-27,35-0-28
2006,4,KIA,126,64,59,3,0.520,9,6승0무4패,2승,33-2-28,31-1-31
2006,5,두산,126,63,60,3,0.512,10,7승0무3패,1승,34-1-28,29-2-32
2006,6,SK,126,60,65,1,0.480,14,5승0무5패,1승,33-1-29,27-0-36
2006,7,롯데,126,50,73,3,0.407,23,2승0무8패,4패,34-2-27,16-1-46
2006,8,LG,126,47,75,4,0.385,25.5,2승0무8패,8패,30-0-33,17-4-42
2007,1,SK,126,73,48,5,0.603,0,6승0무4패,1승,39-3-21,34-2-27
2007,2,두산,126,70,54,2,0.565,4.5,8승0무2패,1패,38-1-24,32-1-30
2007,3,한화,126,67,57,2,0.540,7.5,6승0무4패,1승,34-1-28,33-1-29
2007,4,삼성,126,62,60,4,0.508,11.5,3승0무7패,2패,35-1-27,27-3-33
2007,5,LG,126,58,62,6,0.483,14.5,4승0무6패,1패,29-5-29,29-1-33
2007,6,현대,126,56,69,1,0.448,19,5승0무5패,2승,29-0-34,27-1-35
2007,7,롯데,126,55,68,3,0.447,19,4승0무6패,2승,30-1-32,25-2-36
2007,8,KIA,126,51,74,1,0.408,24,4승0무6패,1패,27-0-36,24-1-38
2008,1,SK,126,83,43,0,0.659,0,5승0무5패,2패,43-0-20,40-0-23
2008,2,두산,126,70,56,0,0.556,13,3승0무7패,2패,35-0-28,35-0-28
2008,3,롯데,126,69,57,0,0.548,14,4승0무6패,1패,32-0-31,37-0-26
2008,4,삼성,126,65,61,0,0.516,18,5승0무5패,1승,33-0-30,32-0-31
2008,5,한화,126,64,62,0,0.508,19,6승0무4패,2승,35-0-28,29-0-34
2008,6,KIA,126,57,69,0,0.452,26,5승0무5패,1승,30-0-33,27-0-36
2008,7,우리,126,50,76,0,0.397,33,6승0무4패,1승,26-0-37,24-0-39
2008,8,LG,126,46,80,0,0.365,37,4승0무6패,1승,24-0-39,22-0-41
2009,1,KIA,133,81,48,4,0.609,0,8승0무2패,7승,37-4-25,44-0-23
2009,2,SK,133,80,47,6,0.602,0,9승1무0패,19승,40-2-25,40-4-22
2009,3,두산,133,71,60,2,0.534,11,4승0무6패,2패,34-1-32,37-1-28
2009,4,롯데,133,66,67,0,0.496,17,6승0무4패,2패,34-0-33,32-0-34
2009,5,삼성,133,64,69,0,0.481,19,3승0무7패,4패,37-0-30,27-0-39
2009,6,히어로즈,133,60,72,1,0.451,22.5,2승0무8패,3패,31-0-35,29-1-37
2009,7,LG,133,54,75,4,0.406,27,3승1무6패,2승,29-2-35,25-2-40
2009,8,한화,133,46,84,3,0.346,35.5,5승0무5패,2승,23-1-42,23-2-42
2010,1,SK,133,84,47,2,0.632,0,6승1무3패,1승,40-0-26,44-2-21
2010,2,삼성,133,79,52,2,0.594,5,4승1무5패,1승,37-0-29,42-2-23
2010,3,두산,133,73,57,3,0.549,10.5,5승0무5패,1패,37-2-27,36-1-30
2010,4,롯데,133,69,61,3,0.519,14.5,8승0무2패,4승,33-1-32,36-2-29
2010,5,KIA,133,59,74,0,0.444,26,5승0무5패,3패,30-0-37,29-0-37
2010,6,LG,133,57,71,5,0.429,25.5,3승2무5패,1패,31-3-33,26-2-38
2010,7,넥센,133,52,78,3,0.391,31.5,2승0무8패,2패,23-3-41,29-0-37
2010,8,한화,133,49,82,2,0.368,35,5승1무4패,2승,27-1-39,22-1-43
2011,1,삼성,133,79,50,4,0.612,0,5승2무3패,1승,41-1-25,38-3-25
2011,2,SK,133,71,59,3,0.546,8.5,5승1무4패,2승,34-2-31,37-1-28
2011,3,롯데,133,72,56,5,0.563,6.5,8승0무2패,4승,40-3-24,32-2-32
2011,4,KIA,133,70,63,0,0.526,11,5승0무5패,2패,36-0-30,34-0-33
2011,5,두산,133,61,70,2,0.466,19,6승0무4패,5승,30-0-37,31-2-33
2011,6,LG,133,59,72,2,0.450,21,2승1무7패,1패,29-1-36,30-1-36
2011,6,한화,133,59,72,2,0.450,21,4승0무6패,3패,31-2-33,28-0-39
2011,8,넥센,133,51,80,2,0.389,29,3승0무7패,4패,34-1-31,17-1-49
2012,1,삼성,133,80,51,2,0.611,0,8승0무2패,1승,39-1-26,41-1-25
2012,2,SK,133,71,59,3,0.546,8.5,5승0무5패,1승,38-2-26,33-1-33
2012,3,두산,133,68,62,3,0.523,11.5,5승0무5패,1패,32-0-34,36-3-28
2012,4,롯데,133,65,62,6,0.512,13,3승0무7패,1패,35-4-27,30-2-35
2012,5,KIA,133,62,65,6,0.488,16,7승0무3패,1패,32-5-30,30-1-35
2012,6,넥센,133,61,69,3,0.469,18.5,3승1무6패,2패,34-1-32,27-2-37
2012,7,LG,133,57,72,4,0.442,22,5승0무5패,2승,25-1-41,32-3-31
2012,8,한화,133,53,77,3,0.408,26.5,2승1무7패,1패,27-1-39,26-2-38
2013,1,삼성,128,75,51,2,0.595,0,6승0무4패,1패,37-0-27,38-2-24
2013,2,두산,128,71,54,3,0.568,3.5,6승0무4패,1패,37-1-26,34-2-28
2013,3,LG,128,74,54,0,0.578,2,4승0무6패,2승,37-0-27,37-0-27
2013,4,넥센,128,72,54,2,0.571,3,5승0무5패,1패,36-2-26,36-0-28
2013,5,롯데,128,66,58,4,0.532,8,8승0무2패,2승,33-3-28,33-1-30
2013,6,SK,128,62,63,3,0.496,12.5,3승1무6패,2패,31-2-31,31-1-32
2013,7,NC,128,52,72,4,0.419,22,4승0무6패,1승,28-2-34,24-2-38
2013,8,KIA,128,51,74,3,0.408,23.5,3승1무6패,3패,22-1-41,29-2-33
2013,9,한화,128,42,85,1,0.331,33.5,4승0무6패,1승,21-0-43,21-1-42
2014,1,삼성,128,78,47,3,0.624,0,3승0무7패,1패,40-2-22,38-1-25
2014,2,넥센,128,78,48,2,0.619,0.5,7승1무2패,6승,42-1-21,36-1-27
2014,3,NC,128,70,57,1,0.551,9,6승0무4패,1패,38-0-26,32-1-31
2014,4,LG,128,62,64,2,0.492,16.5,6승0무4패,3패,33-1-30,29-1-34
2014,5,SK,128,61,65,2,0.484,17.5,6승1무3패,1패,31-2-31,30-0-34
2014,6,두산,128,59,68,1,0.465,20,6승0무4패,1승,29-0-35,30-1-33
2014,7,롯데,128,58,69,1,0.457,21,5승0무5패,1승,32-1-31,26-0-38
2014,8,KIA,128,54,74,0,0.422,25.5,3승0무7패,2승,26-0-38,28-0-36
2014,9,한화,128,49,77,2,0.389,29.5,2승0무8패,5패,28-0-36,21-2-41
2015,1,두산,144,79,65,0,0.549,9,6승0무4패,2승,41-0-31,38-0-34
2015,2,삼성,144,88,56,0,0.611,0,6승0무4패,3승,46-0-26,42-0-30
2015,3,NC,144,84,57,3,0.596,2.5,6승1무3패,1패,40-2-30,44-1-27
2015,4,넥센,144,78,65,1,0.545,9.5,4승0무6패,1패,40-0-32,38-1-33
2015,5,SK,144,69,73,2,0.486,18,6승0무4패,1승,37-1-34,32-1-39
2015,6,한화,144,68,76,0,0.472,20,6승0무4패,1패,38-0-34,30-0-42
2015,7,KIA,144,67,77,0,0.465,21,4승0무6패,4패,36-0-36,31-0-41
2015,8,롯데,144,66,77,1,0.462,21.5,2승0무8패,1승,37-0-35,29-1-42
2015,9,LG,144,64,78,2,0.451,23,6승0무4패,2승,33-2-37,31-0-41
2015,10,KT,144,52,91,1,0.364,35.5,2승1무7패,1패,30-0-42,22-1-49
2016,1,두산,144,93,50,1,0.650,0,6승0무4패,2승,46-1-25,47-0-25
2016,2,NC,144,83,58,3,0.589,9,6승0무4패,2패,39-2-31,44-1-27
2016,3,넥센,144,77,66,1,0.538,16,3승0무7패,3패,44-0-28,33-1-38
2016,4,LG,144,71,71,2,0.500,21.5,4승1무5패,1패,40-2-30,31-0-41
2016,5,KIA,144,70,73,1,0.490,23,5승0무5패,2패,38-0-34,32-1-39
2016,6,SK,144,69,75,0,0.479,24.5,4승0무6패,1승,35-0-37,34-0-38
2016,7,한화,144,66,75,3,0.468,26,6승0무4패,3승,36-2-34,30-1-41
2016,8,롯데,144,66,78,0,0.458,27.5,5승0무5패,2승,40-0-32,26-0-46
2016,9,삼성,144,65,78,1,0.455,28,5승0무5패,1패,34-0-38,31-1-40
2016,10,KT,144,53,89,2,0.373,39.5,4승0무6패,2승,28-0-44,25-2-45
2017,1,KIA,144,87,56,1,0.608,0,6승0무4패,2승,45-0-27,42-1-29
2017,2,두산,144,84,57,3,0.596,2,8승0무2패,1패,39-3-30,45-0-27
2017,3,롯데,144,80,62,2,0.563,6.5,8승0무2패,5승,45-2-25,35-0-37
2017,4,NC,144,79,62,3,0.560,7,5승1무4패,4승,44-1-27,35-2-35
2017,5,SK,144,75,68,1,0.524,12,7승0무3패,2승,42-0-30,33-1-38
2017,6,LG,144,69,72,3,0.489,17,4승0무6패,2패,38-0-34,31-3-38
2017,7,넥센,144,69,73,2,0.486,17.5,3승0무7패,4패,39-2-31,30-0-42
2017,8,한화,144,61,81,2,0.430,25.5,3승1무6패,5패,30-1-41,31-1-40
2017,9,삼성,144,55,84,5,0.396,30,4승0무6패,2승,28-2-42,27-3-42
2017,10,KT,144,50,94,0,0.347,37.5,3승0무7패,2패,27-0-45,23-0-49
2018,1,SK,144,78,65,1,0.545,14.5,3승0무7패,2패,42-0-30,36-1-35
2018,2,두산,144,93,51,0,0.646,0,6승0무4패,1승,51-0-21,42-0-30
2018,3,한화,144,77,67,0,0.535,16,5승0무5패,1승,43-0-29,34-0-38
2018,4,넥센,144,75,69,0,0.521,18,5승0무5패,1패,37-0-35,38-0-34
2018,5,KIA,144,70,74,0,0.486,23,4승0무6패,1패,43-0-29,27-0-45
2018,6,삼성,144,68,72,4,0.486,23,6승1무3패,2승,33-3-36,35-1-36
2018,7,롯데,144,68,74,2,0.479,24,6승0무4패,1패,34-0-38,34-2-36
2018,8,LG,144,68,75,1,0.476,24.5,4승0무6패,2승,39-1-32,29-0-43
2018,9,KT,144,59,82,3,0.418,32.5,5승0무5패,1승,31-2-39,28-1-43
2018,10,NC,144,58,85,1,0.406,34.5,2승0무8패,3패,33-0-39,25-1-46
2019,1,두산,144,88,55,1,0.615,0,8승1무1패,5승,47-0-25,41-1-30
2019,2,키움,144,86,57,1,0.601,2,6승0무4패,2승,45-1-26,41-0-31
2019,3,SK,144,88,55,1,0.615,0,4승0무6패,2승,44-1-27,44-0-28
2019,4,LG,144,79,64,1,0.552,9,4승0무6패,1승,41-1-30,38-0-34
2019,5,NC,144,73,69,2,0.514,14.5,4승1무5패,2패,40-2-30,33-0-39
2019,6,KT,144,71,71,2,0.500,16.5,7승0무3패,2승,41-1-30,30-1-41
2019,7,KIA,144,62,80,2,0.437,25.5,5승0무5패,3승,39-0-33,23-2-47
2019,8,삼성,144,60,83,1,0.420,28,4승0무6패,1패,36-0-36,24-1-47
2019,9,한화,144,58,86,0,0.403,30.5,6승0무4패,3패,31-0-41,27-0-45
2019,10,롯데,144,48,93,3,0.340,39,1승0무9패,8패,29-1-42,19-2-51
2020,1,NC,144,83,55,6,0.601,0,4승2무4패,1패,45-3-24,38-3-31
2020,2,두산,144,79,61,4,0.564,5,6승0무4패,4승,41-2-29,38-2-32
2020,3,KT,144,81,62,1,0.566,4.5,7승0무3패,1패,44-0-28,37-1-34
2020,4,LG,144,79,61,4,0.564,5,5승1무4패,2패,39-3-30,40-1-31
2020,5,키움,144,80,63,1,0.559,5.5,6승0무4패,1패,41-1-30,39-0-33
2020,6,KIA,144,73,71,0,0.507,13,4승0무6패,1승,37-0-35,36-0-36
2020,7,롯데,144,71,72,1,0.497,14.5,3승0무7패,1승,41-0-31,30-1-41
2020,8,삼성,144,64,75,5,0.460,19.5,6승2무2패,1승,33-2-37,31-3-38
2020,9,SK,144,51,92,1,0.357,34.5,5승0무5패,1승,28-0-44,23-1-48
2020,10,한화,144,46,95,3,0.326,38.5,3승1무6패,1승,25-2-45,21-1-50
2021,1,KT,144,76,59,9,0.563,0,3승1무6패,1승,41-7-24,35-2-35
2021,2,두산,144,71,65,8,0.522,5.5,5승2무3패,2승,35-6-31,36-2-34
2021,3,삼성,144,76,59,9,0.563,0,6승1무3패,1승,42-4-26,34-5-33
2021,4,LG,144,72,58,14,0.554,1.5,3승5무2패,1패,40-3-29,32-11-29
2021,5,키움,144,70,67,7,0.511,7,6승1무3패,3승,42-4-26,28-3-41
2021,6,SSG,144,66,64,14,0.508,7.5,4승2무4패,1패,37-8-27,29-6-37
2021,7,NC,144,67,68,9,0.496,9,4승1무5패,1패,36-2-34,31-7-34
2021,8,롯데,144,65,71,8,0.478,11.5,4승2무4패,1승,31-5-36,34-3-35
2021,9,KIA,144,58,76,10,0.433,17.5,5승0무5패,2패,31-4-37,27-6-39
2021,10,한화,144,49,83,12,0.371,25.5,2승2무6패,6패,25-7-40,24-5-43
2022,1,SSG,144,88,52,4,0.629,0,4승0무6패,4패,49-0-23,39-4-29
2022,2,키움,144,80,62,2,0.563,9,5승0무5패,1승,39-1-32,41-1-30
2022,3,LG,144,87,55,2,0.613,2,4승0무6패,1승,38-1-33,49-1-22
2022,4,KT,144,80,62,2,0.563,9,7승0무3패,1패,40-1-31,40-1-31
2022,5,KIA,144,70,73,1,0.490,19.5,7승0무3패,1패,31-0-41,39-1-32
2022,6,NC,144,67,74,3,0.475,21.5,6승0무4패,1패,35-3-34,32-0-40
2022,7,삼성,144,66,76,2,0.465,23,6승0무4패,2승,33-2-37,33-0-39
2022,8,롯데,144,64,76,4,0.457,24,5승0무5패,1승,27-3-42,37-1-34
2022,9,두산,144,60,82,2,0.423,29,4승0무6패,2패,29-1-42,31-1-40
2022,10,한화,144,46,96,2,0.324,43,3승0무7패,1패,28-0-44,18-2-52
2023,1,LG,144,86,56,2,0.606,0,5승0무5패,1승,45-1-25,41-1-31
2023,2,KT,144,79,62,3,0.560,6.5,6승0무4패,3승,41-2-30,38-1-32
2023,3,SSG,144,76,65,3,0.539,9.5,8승0무2패,2승,39-2-32,37-1-33
2023,4,NC,144,75,67,2,0.528,11,5승0무5패,2패,41-1-29,34-1-38
2023,5,두산,144,74,68,2,0.521,12,4승0무6패,3패,37-1-35,37-1-33
2023,6,KIA,144,73,69,2,0.514,13,7승0무3패,2승,38-2-31,35-0-38
2023,7,롯데,144,68,76,0,0.472,19,4승0무6패,1승,38-0-35,30-0-41
2023,8,삼성,144,61,82,1,0.427,25.5,4승0무6패,1패,32-0-39,29-1-43
2023,9,한화,144,58,80,6,0.420,26,3승0무7패,1패,32-1-40,26-5-40
2023,10,키움,144,58,83,3,0.411,27.5,5승0무5패,2패,33-2-36,25-1-47
2024,1,KIA,112,64,46,2,0.582,0,4승0무6패,1패,28-1-26,36-1-20
2024,2,LG,110,59,49,2,0.546,4,5승0무5패,1패,30-1-21,29-1-28
2024,3,삼성,113,60,51,2,0.541,4.5,7승0무3패,3승,33-0-25,27-2-26
2024,4,두산,115,58,55,2,0.513,7.5,5승0무5패,2패,32-1-26,26-1-29
2024,5,SSG,111,55,55,1,0.500,9,4승0무6패,2승,28-1-26,27-0-29
2024,6,KT,112,53,57,2,0.482,11,4승0무6패,4패,24-1-27,29-1-30
2024,7,롯데,106,48,55,3,0.466,12.5,7승0무3패,3승,28-2-21,20-1-34
2024,8,NC,108,49,57,2,0.462,13,2승0무8패,6패,27-0-23,22-2-34
2024,9,한화,109,49,58,2,0.458,13.5,5승0무5패,1승,26-2-31,23-0-27
2024,10,키움,110,49,61,0,0.445,15,6승0무4패,1승,28-0-34,21-0-27
