일자,순위,팀명,경기,승,패,무,승률,게임차,최근10경기,연속,홈,방문
2024.03.23,1,LG,1,1,0,0,1.000,0,1승0무0패,1승,1-0-0,0-0-0
2024.03.23,1,SSG,1,1,0,0,1.000,0,1승0무0패,1승,1-0-0,0-0-0
2024.03.23,1,NC,1,1,0,0,1.000,0,1승0무0패,1승,1-0-0,0-0-0
2024.03.23,1,KIA,1,1,0,0,1.000,0,1승0무0패,1승,1-0-0,0-0-0
2024.03.23,1,삼성,1,1,0,0,1.000,0,1승0무0패,1승,0-0-0,1-0-0
2024.03.23,6,KT,1,0,1,0,0.000,1,0승0무1패,1패,0-0-1,0-0-0
2024.03.23,6,두산,1,0,1,0,0.000,1,0승0무1패,1패,0-0-0,0-0-1
2024.03.23,6,롯데,1,0,1,0,0.000,1,0승0무1패,1패,0-0-0,0-0-1
2024.03.23,6,한화,1,0,1,0,0.000,1,0승0무1패,1패,0-0-0,0-0-1
2024.03.23,6,키움,1,0,1,0,0.000,1,0승0무1패,1패,0-0-0,0-0-1
2024.03.24,1,SSG,2,2,0,0,1.000,0,2승0무0패,2승,2-0-0,0-0-0
2024.03.24,1,KIA,1,1,0,0,1.000,0.5,1승0무0패,1승,1-0-0,0-0-0
2024.03.24,1,삼성,2,2,0,0,1.000,0,2승0무0패,2승,0-0-0,2-0-0
2024.03.24,4,LG,2,1,1,0,0.500,1,1승0무1패,1패,1-0-1,0-0-0
2024.03.24,4,NC,2,1,1,0,0.500,1,1승0무1패,1패,1-0-1,0-0-0
2024.03.24,4,두산,2,1,1,0,0.500,1,1승0무1패,1승,0-0-0,1-0-1
2024.03.24,4,한화,2,1,1,0,0.500,1,1승0무1패,1승,0-0-0,1-0-1
2024.03.24,8,KT,2,0,2,0,0.000,2,0승0무2패,2패,0-0-2,0-0-0
2024.03.24,8,롯데,2,0,2,0,0.000,2,0승0무2패,2패,0-0-0,0-0-2
2024.03.24,8,키움,1,0,1,0,0.000,1.5,0승0무1패,1패,0-0-0,0-0-1
2024.03.26,1,KIA,2,2,0,0,1.000,0,2승0무0패,2승,2-0-0,0-0-0
2024.03.26,2,LG,3,2,1,0,0.667,0.5,2승0무1패,1승,2-0-1,0-0-0
2024.03.26,2,SSG,3,2,1,0,0.667,0.5,2승0무1패,1패,2-0-1,0-0-0
2024.03.26,2,NC,3,2,1,0,0.667,0.5,2승0무1패,1승,2-0-1,0-0-0
2024.03.26,2,두산,3,2,1,0,0.667,0.5,2승0무1패,2승,0-0-0,2-0-1
2024.03.26,2,삼성,3,2,1,0,0.667,0.5,2승0무1패,1패,0-0-0,2-0-1
2024.03.26,2,한화,3,2,1,0,0.667,0.5,2승0무1패,2승,0-0-0,2-0-1
2024.03.26,8,KT,3,0,3,0,0.000,2.5,0승0무3패,3패,0-0-3,0-0-0
2024.03.26,8,롯데,3,0,3,0,0.000,2.5,0승0무3패,3패,0-0-0,0-0-3
2024.03.26,8,키움,2,0,2,0,0.000,2,0승0무2패,2패,0-0-0,0-0-2
2024.03.27,1,KIA,3,3,0,0,1.000,0,3승0무0패,3승,3-0-0,0-0-0
2024.03.27,2,NC,4,3,1,0,0.750,0.5,3승0무1패,2승,3-0-1,0-0-0
2024.03.27,2,두산,4,3,1,0,0.750,0.5,3승0무1패,3승,0-0-0,3-0-1
2024.03.27,2,한화,4,3,1,0,0.750,0.5,3승0무1패,3승,0-0-0,3-0-1
2024.03.27,5,LG,4,2,1,1,0.667,1,2승1무1패,1승,2-1-1,0-0-0
2024.03.27,5,삼성,4,2,1,1,0.667,1,2승1무1패,1패,0-0-0,2-1-1
2024.03.27,7,SSG,4,2,2,0,0.500,1.5,2승0무2패,2패,2-0-2,0-0-0
2024.03.27,8,KT,4,0,4,0,0.000,3.5,0승0무4패,4패,0-0-4,0-0-0
2024.03.27,8,롯데,4,0,4,0,0.000,3.5,0승0무4패,4패,0-0-0,0-0-4
2024.03.27,8,키움,3,0,3,0,0.000,3,0승0무3패,3패,0-0-0,0-0-3
2024.03.28,1,KIA,3,3,0,0,1.000,0,3승0무0패,3승,3-0-0,0-0-0
2024.03.28,2,한화,5,4,1,0,0.800,0,4승0무1패,4승,0-0-0,4-0-1
2024.03.28,3,LG,5,3,1,1,0.750,0.5,3승1무1패,2승,3-1-1,0-0-0
2024.03.28,3,NC,4,3,1,0,0.750,0.5,3승0무1패,2승,3-0-1,0-0-0
2024.03.28,5,두산,5,3,2,0,0.600,1,3승0무2패,1패,0-0-0,3-0-2
2024.03.28,6,삼성,5,2,2,1,0.500,1.5,2승1무2패,2패,0-0-0,2-1-2
2024.03.28,7,SSG,5,2,3,0,0.400,2,2승0무3패,3패,2-0-3,0-0-0
2024.03.28,8,KT,5,1,4,0,0.200,3,1승0무4패,1승,1-0-4,0-0-0
2024.03.28,9,롯데,4,0,4,0,0.000,3.5,0승0무4패,4패,0-0-0,0-0-4
2024.03.28,9,키움,3,0,3,0,0.000,3,0승0무3패,3패,0-0-0,0-0-3
2024.03.29,1,KIA,4,4,0,0,1.000,0,4승0무0패,4승,3-0-0,1-0-0
2024.03.29,2,한화,6,5,1,0,0.833,0,5승0무1패,5승,1-0-0,4-0-1
2024.03.29,3,LG,6,4,1,1,0.800,0.5,4승1무1패,3승,3-1-1,1-0-0
2024.03.29,4,NC,5,3,2,0,0.600,1.5,3승0무2패,1패,3-0-1,0-0-1
2024.03.29,5,SSG,6,3,3,0,0.500,2,3승0무3패,1승,2-0-3,1-0-0
2024.03.29,5,두산,6,3,3,0,0.500,2,3승0무3패,2패,0-0-1,3-0-2
2024.03.29,7,삼성,6,2,3,1,0.400,2.5,2승1무3패,3패,0-0-1,2-1-2
2024.03.29,8,롯데,5,1,4,0,0.200,3.5,1승0무4패,1승,1-0-0,0-0-4
2024.03.29,9,KT,6,1,5,0,0.167,4,1승0무5패,1패,1-0-4,0-0-1
2024.03.29,10,키움,4,0,4,0,0.000,4,0승0무4패,4패,0-0-1,0-0-3
2024.03.30,1,한화,7,6,1,0,0.857,0,6승0무1패,6승,2-0-0,4-0-1
2024.03.30,2,KIA,5,4,1,0,0.800,1,4승0무1패,1패,3-0-0,1-0-1
2024.03.30,3,LG,7,4,2,1,0.667,1.5,4승1무2패,1패,3-1-1,1-0-1
2024.03.30,3,NC,6,4,2,0,0.667,1.5,4승0무2패,1승,3-0-1,1-0-1
2024.03.30,5,SSG,7,4,3,0,0.571,2,4승0무3패,2승,2-0-3,2-0-0
2024.03.30,5,두산,7,4,3,0,0.571,2,4승0무3패,1승,1-0-1,3-0-2
2024.03.30,7,삼성,7,2,4,1,0.333,3.5,2승1무4패,4패,0-0-2,2-1-2
2024.03.30,8,키움,5,1,4,0,0.200,4,1승0무4패,1승,1-0-1,0-0-3
2024.03.30,9,롯데,6,1,5,0,0.167,4.5,1승0무5패,1패,1-0-1,0-0-4
2024.03.30,10,KT,7,1,6,0,0.143,5,1승0무6패,2패,1-0-4,0-0-2
2024.03.31,1,한화,8,7,1,0,0.875,0,7승0무1패,7승,3-0-0,4-0-1
2024.03.31,2,KIA,6,5,1,0,0.833,1,5승0무1패,1승,3-0-0,2-0-1
2024.03.31,3,NC,7,5,2,0,0.714,1.5,5승0무2패,2승,3-0-1,2-0-1
2024.03.31,4,SSG,8,5,3,0,0.625,2,5승0무3패,3승,2-0-3,3-0-0
2024.03.31,5,LG,8,4,3,1,0.571,2.5,4승1무3패,2패,3-1-1,1-0-2
2024.03.31,6,두산,8,4,4,0,0.500,3,4승0무4패,1패,1-0-2,3-0-2
2024.03.31,7,키움,6,2,4,0,0.333,4,2승0무4패,2승,2-0-1,0-0-3
2024.03.31,8,삼성,8,2,5,1,0.286,4.5,2승1무5패,5패,0-0-3,2-1-2
2024.03.31,9,롯데,7,1,6,0,0.143,5.5,1승0무6패,2패,1-0-2,0-0-4
2024.03.31,10,KT,8,1,7,0,0.125,6,1승0무7패,3패,1-0-4,0-0-3
2024.04.02,1,한화,9,7,2,0,0.778,0,7승0무2패,1패,3-0-1,4-0-1
2024.04.02,2,NC,8,6,2,0,0.750,0.5,6승0무2패,3승,3-0-1,3-0-1
2024.04.02,3,KIA,7,5,2,0,0.714,1,5승0무2패,1패,3-0-0,2-0-2
2024.04.02,4,SSG,9,6,3,0,0.667,1,6승0무3패,4승,3-0-3,3-0-0
2024.04.02,5,LG,9,4,4,1,0.500,2.5,4승1무4패,3패,3-1-2,1-0-2
2024.04.02,6,두산,9,4,5,0,0.444,3,4승0무5패,2패,1-0-2,3-0-3
2024.04.02,7,키움,7,3,4,0,0.429,3,3승0무4패,3승,2-0-1,1-0-3
2024.04.02,8,롯데,8,2,6,0,0.250,4.5,2승0무6패,1승,1-0-2,1-0-4
2024.04.02,8,삼성,9,2,6,1,0.250,4.5,2승1무6패,6패,0-0-4,2-1-2
2024.04.02,10,KT,9,2,7,0,0.222,5,2승0무7패,1승,2-0-4,0-0-3
2024.04.03,1,한화,9,7,2,0,0.778,0,7승0무2패,1패,3-0-1,4-0-1
2024.04.03,2,KIA,8,6,2,0,0.750,0.5,6승0무2패,1승,3-0-0,3-0-2
2024.04.03,3,SSG,10,7,3,0,0.700,0.5,7승0무3패,5승,4-0-3,3-0-0
2024.04.03,4,NC,9,6,3,0,0.667,1,6승0무3패,1패,3-0-1,3-0-2
2024.04.03,5,LG,10,5,4,1,0.556,2,5승1무4패,1승,4-1-2,1-0-2
2024.04.03,6,키움,7,3,4,0,0.429,3,3승0무4패,3승,2-0-1,1-0-3
2024.04.03,7,두산,10,4,6,0,0.400,3.5,4승0무6패,3패,1-0-2,3-0-4
2024.04.03,8,롯데,8,2,6,0,0.250,4.5,2승0무6패,1승,1-0-2,1-0-4
2024.04.03,8,삼성,9,2,6,1,0.250,4.5,2승1무6패,6패,0-0-4,2-1-2
2024.04.03,10,KT,10,2,8,0,0.200,5.5,2승0무8패,1패,2-0-5,0-0-3
2024.04.04,1,한화,10,8,2,0,0.800,0,8승0무2패,1승,4-0-1,4-0-1
2024.04.04,2,KIA,9,7,2,0,0.778,0.5,7승0무2패,2승,3-0-0,4-0-2
2024.04.04,3,SSG,11,8,3,0,0.727,0.5,7승0무3패,6승,5-0-3,3-0-0
2024.04.04,4,LG,11,6,4,1,0.600,2,5승1무4패,2승,5-1-2,1-0-2
2024.04.04,4,NC,10,6,4,0,0.600,2,6승0무4패,2패,3-0-1,3-0-3
2024.04.04,6,키움,8,4,4,0,0.500,3,4승0무4패,4승,2-0-1,2-0-3
2024.04.04,7,두산,11,4,7,0,0.364,4.5,4승0무6패,4패,1-0-2,3-0-5
2024.04.04,8,롯데,9,2,7,0,0.222,5.5,2승0무7패,1패,1-0-2,1-0-5
2024.04.04,8,삼성,10,2,7,1,0.222,5.5,2승1무7패,7패,0-0-5,2-1-2
2024.04.04,10,KT,11,2,9,0,0.182,6.5,2승0무8패,2패,2-0-6,0-0-3
2024.04.05,1,KIA,10,8,2,0,0.800,0,8승0무2패,3승,4-0-0,4-0-2
2024.04.05,2,한화,11,8,3,0,0.727,0.5,8승0무2패,1패,4-0-1,4-0-2
2024.04.05,3,SSG,12,8,4,0,0.667,1,6승0무4패,1패,5-0-3,3-0-1
2024.04.05,4,NC,11,7,4,0,0.636,1.5,6승0무4패,1승,4-0-1,3-0-3
2024.04.05,5,키움,9,5,4,0,0.556,2.5,5승0무4패,5승,3-0-1,2-0-3
2024.04.05,6,LG,12,6,5,1,0.545,2.5,5승1무4패,1패,5-1-3,1-0-2
2024.04.05,7,두산,12,5,7,0,0.417,4,4승0무6패,1승,1-0-2,4-0-5
2024.04.05,8,KT,12,3,9,0,0.250,6,3승0무7패,1승,2-0-6,1-0-3
2024.04.05,9,롯데,10,2,8,0,0.200,6,2승0무8패,2패,1-0-3,1-0-5
2024.04.05,9,삼성,11,2,8,1,0.200,6,1승1무8패,8패,0-0-5,2-1-3
2024.04.06,1,KIA,11,8,3,0,0.727,0,7승0무3패,1패,4-0-1,4-0-2
2024.04.06,2,NC,12,8,4,0,0.667,0.5,7승0무3패,2승,5-0-1,3-0-3
2024.04.06,2,한화,12,8,4,0,0.667,0.5,7승0무3패,2패,4-0-1,4-0-3
2024.04.06,4,SSG,13,8,5,0,0.615,1,6승0무4패,2패,5-0-3,3-0-2
2024.04.06,5,키움,10,6,4,0,0.600,1.5,6승0무4패,6승,4-0-1,2-0-3
2024.04.06,6,LG,13,7,5,1,0.583,1.5,5승1무4패,1승,6-1-3,1-0-2
2024.04.06,7,두산,13,5,8,0,0.385,4,3승0무7패,1패,1-0-2,4-0-6
2024.04.06,8,롯데,11,3,8,0,0.273,5,3승0무7패,1승,2-0-3,1-0-5
2024.04.06,8,삼성,12,3,8,1,0.273,5,1승1무8패,1승,0-0-5,3-1-3
2024.04.06,10,KT,13,3,10,0,0.231,6,3승0무7패,1패,2-0-6,1-0-4
2024.04.07,1,NC,13,9,4,0,0.692,0,7승0무3패,3승,6-0-1,3-0-3
2024.04.07,2,KIA,12,8,4,0,0.667,0.5,6승0무4패,2패,4-0-2,4-0-2
2024.04.07,3,키움,11,7,4,0,0.636,1,7승0무3패,7승,5-0-1,2-0-3
2024.04.07,4,LG,14,8,5,1,0.615,1,6승0무4패,2승,7-1-3,1-0-2
2024.04.07,4,한화,13,8,5,0,0.615,1,6승0무4패,3패,4-0-1,4-0-4
2024.04.07,6,SSG,14,8,6,0,0.571,1.5,6승0무4패,3패,5-0-3,3-0-3
2024.04.07,7,두산,14,5,9,0,0.357,4.5,2승0무8패,2패,1-0-2,4-0-7
2024.04.07,8,롯데,12,4,8,0,0.333,4.5,4승0무6패,2승,3-0-3,1-0-5
2024.04.07,8,삼성,13,4,8,1,0.333,4.5,2승1무7패,2승,0-0-5,4-1-3
2024.04.07,10,KT,14,3,11,0,0.214,6.5,3승0무7패,2패,2-0-6,1-0-5
2024.04.09,1,KIA,13,9,4,0,0.692,0,6승0무4패,1승,5-0-2,4-0-2
2024.04.09,2,NC,14,9,5,0,0.643,0.5,6승0무4패,1패,6-0-2,3-0-3
2024.04.09,3,SSG,15,9,6,0,0.600,1,7승0무3패,1승,6-0-3,3-0-3
2024.04.09,4,키움,12,7,5,0,0.583,1.5,7승0무3패,1패,5-0-1,2-0-4
2024.04.09,5,LG,15,8,6,1,0.571,1.5,5승0무5패,1패,7-1-3,1-0-3
2024.04.09,5,한화,14,8,6,0,0.571,1.5,5승0무5패,4패,4-0-1,4-0-5
2024.04.09,7,두산,15,6,9,0,0.400,4,3승0무7패,1승,2-0-2,4-0-7
2024.04.09,8,삼성,14,5,8,1,0.385,4,3승0무7패,3승,0-0-5,5-1-3
2024.04.09,9,롯데,13,4,9,0,0.308,5,4승0무6패,1패,3-0-4,1-0-5
2024.04.09,10,KT,15,4,11,0,0.267,6,3승0무7패,1승,2-0-6,2-0-5
2024.04.10,1,KIA,14,10,4,0,0.714,0,6승0무4패,2승,6-0-2,4-0-2
2024.04.10,2,NC,15,10,5,0,0.667,0.5,7승0무3패,1승,7-0-2,3-0-3
2024.04.10,3,SSG,16,10,6,0,0.625,1,7승0무3패,2승,7-0-3,3-0-3
2024.04.10,4,키움,13,7,6,0,0.538,2.5,7승0무3패,2패,5-0-1,2-0-5
2024.04.10,5,LG,16,8,7,1,0.533,2.5,4승0무6패,2패,7-1-3,1-0-4
2024.04.10,5,한화,15,8,7,0,0.533,2.5,4승0무6패,5패,4-0-1,4-0-6
2024.04.10,7,두산,16,7,9,0,0.438,4,4승0무6패,2승,3-0-2,4-0-7
2024.04.10,8,삼성,15,6,8,1,0.429,4,4승0무6패,4승,0-0-5,6-1-3
2024.04.10,9,롯데,14,4,10,0,0.286,6,4승0무6패,2패,3-0-5,1-0-5
2024.04.10,10,KT,16,4,12,0,0.250,7,3승0무7패,1패,2-0-6,2-0-6
2024.04.11,1,KIA,15,11,4,0,0.733,0,7승0무3패,3승,7-0-2,4-0-2
2024.04.11,2,NC,16,11,5,0,0.688,0.5,7승0무3패,2승,8-0-2,3-0-3
2024.04.11,3,SSG,17,10,7,0,0.588,2,6승0무4패,1패,7-0-4,3-0-3
2024.04.11,4,키움,14,8,6,0,0.571,2.5,8승0무2패,1승,5-0-1,3-0-5
2024.04.11,5,한화,16,9,7,0,0.563,2.5,4승0무6패,1승,4-0-1,5-0-6
2024.04.11,6,LG,17,8,8,1,0.500,3.5,4승0무6패,3패,7-1-3,1-0-5
2024.04.11,7,삼성,16,7,8,1,0.467,4,5승0무5패,5승,0-0-5,7-1-3
2024.04.11,8,두산,17,7,10,0,0.412,5,3승0무7패,1패,3-0-3,4-0-7
2024.04.11,9,롯데,15,4,11,0,0.267,7,3승0무7패,3패,3-0-6,1-0-5
2024.04.11,10,KT,17,4,13,0,0.235,8,3승0무7패,2패,2-0-6,2-0-7
2024.04.12,1,KIA,16,12,4,0,0.750,0,7승0무3패,4승,7-0-2,5-0-2
2024.04.12,2,NC,17,12,5,0,0.706,0.5,7승0무3패,3승,8-0-2,4-0-3
2024.04.12,3,키움,15,9,6,0,0.600,2.5,8승0무2패,2승,6-0-1,3-0-5
2024.04.12,4,SSG,18,10,8,0,0.556,3,5승0무5패,2패,7-0-4,3-0-4
2024.04.12,5,LG,18,9,8,1,0.529,3.5,5승0무5패,1승,7-1-3,2-0-5
2024.04.12,5,한화,17,9,8,0,0.529,3.5,3승0무7패,1패,4-0-2,5-0-6
2024.04.12,7,삼성,17,7,9,1,0.438,5,5승0무5패,1패,0-0-6,7-1-3
2024.04.12,8,두산,18,7,11,0,0.389,6,3승0무7패,2패,3-0-4,4-0-7
2024.04.12,9,KT,18,5,13,0,0.278,8,4승0무6패,1승,3-0-6,2-0-7
2024.04.12,10,롯데,16,4,12,0,0.250,8,3승0무7패,4패,3-0-6,1-0-6
2024.04.13,1,KIA,17,13,4,0,0.765,0,8승0무2패,5승,7-0-2,6-0-2
2024.04.13,2,NC,18,13,5,0,0.722,0.5,7승0무3패,4승,8-0-2,5-0-3
2024.04.13,3,키움,16,10,6,0,0.625,2.5,8승0무2패,3승,7-0-1,3-0-5
2024.04.13,4,SSG,19,11,8,0,0.579,3,5승0무5패,1승,7-0-4,4-0-4
2024.04.13,5,LG,19,9,9,1,0.500,4.5,5승0무5패,1패,7-1-3,2-0-6
2024.04.13,5,한화,18,9,9,0,0.500,4.5,2승0무8패,2패,4-0-3,5-0-6
2024.04.13,7,두산,19,8,11,0,0.421,6,4승0무6패,1승,4-0-4,4-0-7
2024.04.13,8,삼성,18,7,10,1,0.412,6,5승0무5패,2패,0-0-7,7-1-3
2024.04.13,9,KT,19,5,14,0,0.263,9,3승0무7패,1패,3-0-7,2-0-7
2024.04.13,10,롯데,17,4,13,0,0.235,9,3승0무7패,5패,3-0-6,1-0-7
2024.04.14,1,KIA,18,14,4,0,0.778,0,8승0무2패,6승,7-0-2,7-0-2
2024.04.14,2,NC,19,13,6,0,0.684,1.5,7승0무3패,1패,8-0-2,5-0-4
2024.04.14,3,키움,17,11,6,0,0.647,2.5,8승0무2패,4승,8-0-1,3-0-5
2024.04.14,4,SSG,20,12,8,0,0.600,3,5승0무5패,2승,7-0-4,5-0-4
2024.04.14,5,LG,20,9,10,1,0.474,5.5,4승0무6패,2패,7-1-3,2-0-7
2024.04.14,5,한화,19,9,10,0,0.474,5.5,2승0무8패,3패,4-0-4,5-0-6
2024.04.14,7,두산,20,9,11,0,0.450,6,5승0무5패,2승,5-0-4,4-0-7
2024.04.14,8,삼성,19,8,10,1,0.444,6,6승0무4패,1승,1-0-7,7-1-3
2024.04.14,9,KT,20,5,15,0,0.250,10,3승0무7패,2패,3-0-8,2-0-7
2024.04.14,10,롯데,18,4,14,0,0.222,10,2승0무8패,6패,3-0-6,1-0-8
2024.04.16,1,KIA,19,14,5,0,0.737,0,7승0무3패,1패,7-0-2,7-0-3
2024.04.16,2,키움,18,12,6,0,0.667,1.5,8승0무2패,5승,9-0-1,3-0-5
2024.04.16,3,NC,20,13,7,0,0.650,1.5,7승0무3패,2패,8-0-3,5-0-4
2024.04.16,4,SSG,21,13,8,0,0.619,2,5승0무5패,3승,8-0-4,5-0-4
2024.04.16,5,LG,21,10,10,1,0.500,4.5,4승0무6패,1승,8-1-3,2-0-7
2024.04.16,5,한화,20,10,10,0,0.500,4.5,2승0무8패,1승,4-0-4,6-0-6
2024.04.16,7,삼성,20,9,10,1,0.474,5,7승0무3패,2승,2-0-7,7-1-3
2024.04.16,8,두산,21,9,12,0,0.429,6,5승0무5패,1패,5-0-4,4-0-8
2024.04.16,9,KT,21,5,16,0,0.238,10,3승0무7패,3패,3-0-8,2-0-8
2024.04.16,10,롯데,19,4,15,0,0.211,10,2승0무8패,7패,3-0-6,1-0-9
2024.04.17,1,KIA,20,15,5,0,0.750,0,7승0무3패,1승,7-0-2,8-0-3
2024.04.17,2,NC,21,14,7,0,0.667,1.5,7승0무3패,1승,9-0-3,5-0-4
2024.04.17,3,키움,19,12,7,0,0.632,2.5,7승0무3패,1패,9-0-2,3-0-5
2024.04.17,4,SSG,22,13,9,0,0.591,3,5승0무5패,1패,8-0-5,5-0-4
2024.04.17,5,LG,22,11,10,1,0.524,4.5,5승0무5패,2승,9-1-3,2-0-7
2024.04.17,6,삼성,21,10,10,1,0.500,5,8승0무2패,3승,3-0-7,7-1-3
2024.04.17,7,한화,21,10,11,0,0.476,5.5,2승0무8패,1패,4-0-4,6-0-7
2024.04.17,8,두산,22,9,13,0,0.409,7,4승0무6패,2패,5-0-4,4-0-9
2024.04.17,9,KT,22,6,16,0,0.273,10,3승0무7패,1승,3-0-8,3-0-8
2024.04.17,10,롯데,20,4,16,0,0.200,11,2승0무8패,8패,3-0-6,1-0-10
2024.04.18,1,KIA,21,15,6,0,0.714,0,7승0무3패,1패,7-0-2,8-0-4
2024.04.18,2,NC,21,14,7,0,0.667,1,7승0무3패,1승,9-0-3,5-0-4
2024.04.18,3,SSG,23,14,9,0,0.609,2,6승0무4패,1승,9-0-5,5-0-4
2024.04.18,4,키움,20,12,8,0,0.600,2.5,6승0무4패,2패,9-0-3,3-0-5
2024.04.18,5,삼성,22,11,10,1,0.524,4,8승0무2패,4승,4-0-7,7-1-3
2024.04.18,6,LG,23,11,11,1,0.500,4.5,4승0무6패,1패,9-1-4,2-0-7
2024.04.18,7,한화,21,10,11,0,0.476,5,2승0무8패,1패,4-0-4,6-0-7
2024.04.18,8,두산,23,9,14,0,0.391,7,4승0무6패,3패,5-0-4,4-0-10
2024.04.18,9,KT,23,7,16,0,0.304,9,4승0무6패,2승,3-0-8,4-0-8
2024.04.18,10,롯데,21,5,16,0,0.238,10,2승0무8패,1승,3-0-6,2-0-10
2024.04.19,1,KIA,22,16,6,0,0.727,0,8승0무2패,1승,8-0-2,8-0-4
2024.04.19,2,NC,22,14,8,0,0.636,2,6승0무4패,1패,9-0-3,5-0-5
2024.04.19,3,SSG,24,14,10,0,0.583,3,6승0무4패,1패,9-0-6,5-0-4
2024.04.19,4,키움,21,12,9,0,0.571,3.5,5승0무5패,3패,9-0-3,3-0-6
2024.04.19,5,LG,24,12,11,1,0.522,4.5,4승0무6패,1승,9-1-4,3-0-7
2024.04.19,6,삼성,23,11,11,1,0.500,5,7승0무3패,1패,4-0-7,7-1-4
2024.04.19,6,한화,22,11,11,0,0.500,5,3승0무7패,1승,5-0-4,6-0-7
2024.04.19,8,두산,24,10,14,0,0.417,7,5승0무5패,1승,6-0-4,4-0-10
2024.04.19,9,KT,24,7,17,0,0.292,10,4승0무6패,1패,3-0-8,4-0-9
2024.04.19,10,롯데,22,6,16,0,0.273,10,2승0무8패,2승,4-0-6,2-0-10
2024.04.20,1,KIA,23,17,6,0,0.739,0,8승0무2패,2승,9-0-2,8-0-4
2024.04.20,2,NC,23,14,9,0,0.609,3,5승0무5패,2패,9-0-3,5-0-6
2024.04.20,3,SSG,24,14,10,0,0.583,3.5,6승0무4패,1패,9-0-6,5-0-4
2024.04.20,4,키움,21,12,9,0,0.571,4,5승0무5패,3패,9-0-3,3-0-6
2024.04.20,5,LG,24,12,11,1,0.522,5,4승0무6패,1승,9-1-4,3-0-7
2024.04.20,5,삼성,24,12,11,1,0.522,5,7승0무3패,1승,4-0-7,8-1-4
2024.04.20,7,한화,23,11,12,0,0.478,6,3승0무7패,1패,5-0-5,6-0-7
2024.04.20,8,두산,24,10,14,0,0.417,7.5,5승0무5패,1승,6-0-4,4-0-10
2024.04.20,9,KT,24,7,17,0,0.292,10.5,4승0무6패,1패,3-0-8,4-0-9
2024.04.20,10,롯데,22,6,16,0,0.273,10.5,2승0무8패,2승,4-0-6,2-0-10
2024.04.21,1,KIA,24,17,7,0,0.708,0,7승0무3패,1패,9-0-3,8-0-4
2024.04.21,2,NC,24,15,9,0,0.625,2,6승0무4패,1승,9-0-3,6-0-6
2024.04.21,3,키움,23,13,10,0,0.565,3.5,6승0무4패,1패,9-0-3,4-0-7
2024.04.21,4,SSG,26,14,11,1,0.560,3.5,4승1무5패,2패,9-1-7,5-0-4
2024.04.21,5,LG,26,13,11,2,0.542,4,5승1무4패,2승,9-1-4,4-1-7
2024.04.21,5,삼성,25,13,11,1,0.542,4,7승0무3패,2승,4-0-7,9-1-4
2024.04.21,7,한화,24,11,13,0,0.458,6,3승0무7패,2패,5-0-6,6-0-7
2024.04.21,8,두산,26,11,15,0,0.423,7,4승0무6패,1승,7-0-5,4-0-10
2024.04.21,9,롯데,24,7,16,1,0.304,9.5,3승1무6패,3승,5-1-6,2-0-10
2024.04.21,10,KT,26,7,18,1,0.280,10.5,3승1무6패,2패,3-0-8,4-1-10
2024.04.23,1,KIA,25,18,7,0,0.720,0,7승0무3패,1승,9-0-3,9-0-4
2024.04.23,2,NC,25,15,10,0,0.600,3,5승0무5패,1패,9-0-3,6-0-7
2024.04.23,3,SSG,26,14,11,1,0.560,4,4승1무5패,2패,9-1-7,5-0-4
2024.04.23,3,삼성,26,14,11,1,0.560,4,7승0무3패,3승,5-0-7,9-1-4
2024.04.23,5,키움,24,13,11,0,0.542,4.5,5승0무5패,2패,9-0-4,4-0-7
2024.04.23,6,LG,27,13,12,2,0.520,5,5승1무4패,1패,9-1-4,4-1-8
2024.04.23,7,두산,27,12,15,0,0.444,7,5승0무5패,2승,8-0-5,4-0-10
2024.04.23,8,한화,25,11,14,0,0.440,7,3승0무7패,3패,5-0-6,6-0-8
2024.04.23,9,KT,27,8,18,1,0.308,10.5,4승1무5패,1승,4-0-8,4-1-10
2024.04.23,10,롯데,24,7,16,1,0.304,10,3승1무6패,3승,5-1-6,2-0-10
2024.04.24,1,KIA,26,19,7,0,0.731,0,7승0무3패,2승,9-0-3,10-0-4
2024.04.24,2,NC,26,16,10,0,0.615,3,5승0무5패,1승,9-0-3,7-0-7
2024.04.24,3,SSG,27,15,11,1,0.577,4,5승1무4패,1승,9-1-7,6-0-4
2024.04.24,3,삼성,27,15,11,1,0.577,4,8승0무2패,4승,6-0-7,9-1-4
2024.04.24,5,키움,25,13,12,0,0.520,5.5,4승0무6패,3패,9-0-5,4-0-7
2024.04.24,6,LG,28,13,13,2,0.500,6,4승1무5패,2패,9-1-4,4-1-9
2024.04.24,7,두산,28,12,16,0,0.429,8,5승0무5패,1패,8-0-6,4-0-10
2024.04.24,8,한화,26,11,15,0,0.423,8,2승0무8패,4패,5-0-6,6-0-9
2024.04.24,9,KT,28,9,18,1,0.333,10.5,4승1무5패,2승,5-0-8,4-1-10
2024.04.24,10,롯데,25,7,17,1,0.292,11,3승1무6패,1패,5-1-7,2-0-10
2024.04.25,1,KIA,27,20,7,0,0.741,0,7승0무3패,3승,9-0-3,11-0-4
2024.04.25,2,NC,27,16,11,0,0.593,4,4승0무6패,1패,9-0-3,7-0-8
2024.04.25,3,SSG,28,15,12,1,0.556,5,5승1무4패,1패,9-1-7,6-0-5
2024.04.25,3,삼성,28,15,12,1,0.556,5,8승0무2패,1패,6-0-8,9-1-4
2024.04.25,5,LG,29,14,13,2,0.519,6,5승1무4패,1승,9-1-4,5-1-9
2024.04.25,6,키움,26,13,13,0,0.500,6.5,3승0무7패,4패,9-0-6,4-0-7
2024.04.25,7,두산,29,13,16,0,0.448,8,5승0무5패,1승,9-0-6,4-0-10
2024.04.25,8,한화,27,11,16,0,0.407,9,2승0무8패,5패,5-0-6,6-0-10
2024.04.25,9,KT,29,10,18,1,0.357,10.5,5승1무4패,3승,6-0-8,4-1-10
2024.04.25,10,롯데,26,8,17,1,0.320,11,4승1무5패,1승,6-1-7,2-0-10
2024.04.26,1,KIA,28,20,8,0,0.714,0,6승0무4패,1패,9-0-3,11-0-5
2024.04.26,2,NC,28,17,11,0,0.607,3,4승0무6패,1승,10-0-3,7-0-8
2024.04.26,3,SSG,29,16,12,1,0.571,4,5승1무4패,1승,10-1-7,6-0-5
2024.04.26,3,삼성,29,16,12,1,0.571,4,8승0무2패,1승,6-0-8,10-1-4
2024.04.26,5,LG,30,15,13,2,0.536,5,6승1무3패,2승,10-1-4,5-1-9
2024.04.26,6,키움,27,13,14,0,0.481,6.5,2승0무8패,5패,9-0-7,4-0-7
2024.04.26,7,두산,30,14,16,0,0.467,7,5승0무5패,2승,9-0-6,5-0-10
2024.04.26,8,한화,28,11,17,0,0.393,9,2승0무8패,6패,5-0-7,6-0-10
2024.04.26,9,KT,30,10,19,1,0.345,10.5,5승1무4패,1패,6-0-8,4-1-11
2024.04.26,10,롯데,27,8,18,1,0.308,11,4승1무5패,1패,6-1-7,2-0-11
2024.04.27,1,KIA,29,20,9,0,0.690,0,6승0무4패,2패,9-0-3,11-0-6
2024.04.27,2,NC,29,18,11,0,0.621,2,5승0무5패,2승,11-0-3,7-0-8
2024.04.27,3,삼성,30,17,12,1,0.586,3,8승0무2패,2승,6-0-8,11-1-4
2024.04.27,4,LG,31,16,13,2,0.552,4,6승1무3패,3승,11-1-4,5-1-9
2024.04.27,4,SSG,30,16,13,1,0.552,4,4승1무5패,1패,10-1-8,6-0-5
2024.04.27,6,키움,28,13,15,0,0.464,6.5,1승0무9패,6패,9-0-8,4-0-7
2024.04.27,7,두산,31,14,17,0,0.452,7,5승0무5패,1패,9-0-6,5-0-11
2024.04.27,8,한화,29,12,17,0,0.414,8,3승0무7패,1승,6-0-7,6-0-10
2024.04.27,9,KT,31,11,19,1,0.367,9.5,6승1무3패,1승,6-0-8,5-1-11
2024.04.27,10,롯데,28,8,19,1,0.296,11,4승1무5패,2패,6-1-7,2-0-12
2024.04.28,1,KIA,30,21,9,0,0.700,0,6승0무4패,1승,9-0-3,12-0-6
2024.04.28,2,NC,30,19,11,0,0.633,2,6승0무4패,3승,12-0-3,7-0-8
2024.04.28,3,삼성,31,18,12,1,0.600,3,8승0무2패,3승,6-0-8,12-1-4
2024.04.28,4,SSG,31,17,13,1,0.567,4,4승1무5패,1승,11-1-8,6-0-5
2024.04.28,5,LG,32,16,14,2,0.533,5,5승1무4패,1패,11-1-5,5-1-9
2024.04.28,6,두산,32,15,17,0,0.469,7,6승0무4패,1승,9-0-6,6-0-11
2024.04.28,7,키움,29,13,16,0,0.448,7.5,1승0무9패,7패,9-0-9,4-0-7
2024.04.28,8,한화,30,12,18,0,0.400,9,2승0무8패,1패,6-0-8,6-0-10
2024.04.28,9,KT,32,11,20,1,0.355,10.5,5승1무4패,1패,6-0-8,5-1-12
2024.04.28,10,롯데,29,8,20,1,0.286,12,4승1무5패,3패,6-1-7,2-0-13
2024.04.30,1,KIA,31,21,10,0,0.677,0,6승0무4패,1패,9-0-4,12-0-6
2024.04.30,2,NC,31,20,11,0,0.645,1,6승0무4패,4승,13-0-3,7-0-8
2024.04.30,3,삼성,32,18,13,1,0.581,3,7승0무3패,1패,6-0-8,12-1-5
2024.04.30,4,SSG,32,17,14,1,0.548,4,4승1무5패,1패,11-1-8,6-0-6
2024.04.30,5,LG,33,16,15,2,0.516,5,5승1무4패,2패,11-1-5,5-1-10
2024.04.30,6,두산,33,16,17,0,0.485,6,7승0무3패,2승,10-0-6,6-0-11
2024.04.30,7,키움,30,14,16,0,0.467,6.5,2승0무8패,1승,9-0-9,5-0-7
2024.04.30,8,한화,31,13,18,0,0.419,8,3승0무7패,1승,7-0-8,6-0-10
2024.04.30,9,KT,33,12,20,1,0.375,9.5,5승1무4패,1승,6-0-8,6-1-12
2024.04.30,10,롯데,30,8,21,1,0.276,12,4승1무5패,4패,6-1-8,2-0-13
2024.05.01,1,KIA,32,22,10,0,0.688,0,6승0무4패,1승,10-0-4,12-0-6
2024.05.01,2,NC,32,20,12,0,0.625,2,6승0무4패,1패,13-0-4,7-0-8
2024.05.01,3,삼성,33,19,13,1,0.594,3,8승0무2패,1승,6-0-8,13-1-5
2024.05.01,4,SSG,33,18,14,1,0.563,4,4승1무5패,1승,11-1-8,7-0-6
2024.05.01,5,LG,34,17,15,2,0.531,5,5승1무4패,1승,11-1-5,6-1-10
2024.05.01,6,키움,31,15,16,0,0.484,6.5,3승0무7패,2승,9-0-9,6-0-7
2024.05.01,7,두산,34,16,18,0,0.471,7,6승0무4패,1패,10-0-7,6-0-11
2024.05.01,8,한화,32,13,19,0,0.406,9,2승0무8패,1패,7-0-9,6-0-10
2024.05.01,9,KT,34,12,21,1,0.364,10.5,5승1무4패,1패,6-0-8,6-1-13
2024.05.01,10,롯데,31,8,22,1,0.267,13,3승1무6패,5패,6-1-9,2-0-13
2024.05.02,1,KIA,33,22,11,0,0.667,0,5승0무5패,1패,10-0-5,12-0-6
2024.05.02,2,NC,33,20,13,0,0.606,2,6승0무4패,2패,13-0-5,7-0-8
2024.05.02,2,삼성,34,20,13,1,0.606,2,8승0무2패,2승,6-0-8,14-1-5
2024.05.02,4,SSG,34,19,14,1,0.576,3,5승1무4패,2승,11-1-8,8-0-6
2024.05.02,5,LG,35,18,15,2,0.545,4,5승1무4패,2승,11-1-5,7-1-10
2024.05.02,6,키움,32,15,17,0,0.469,6.5,2승0무8패,1패,9-0-9,6-0-8
2024.05.02,7,두산,35,16,19,0,0.457,7,6승0무4패,2패,10-0-8,6-0-11
2024.05.02,8,한화,33,13,20,0,0.394,9,2승0무8패,2패,7-0-10,6-0-10
2024.05.02,9,KT,35,13,21,1,0.382,9.5,6승0무4패,1승,6-0-8,7-1-13
2024.05.02,10,롯데,32,9,22,1,0.290,12,3승1무6패,1승,7-1-9,2-0-13
2024.05.03,1,KIA,34,22,12,0,0.647,0,5승0무5패,2패,10-0-6,12-0-6
2024.05.03,2,NC,34,21,13,0,0.618,1,6승0무4패,1승,13-0-5,8-0-8
2024.05.03,3,삼성,35,20,14,1,0.588,2,7승0무3패,1패,6-0-9,14-1-5
2024.05.03,4,SSG,35,19,15,1,0.559,3,5승1무4패,1패,11-1-9,8-0-6
2024.05.03,5,LG,36,18,16,2,0.529,4,5승0무5패,1패,11-1-6,7-1-10
2024.05.03,6,두산,36,17,19,0,0.472,6,6승0무4패,1승,10-0-8,7-0-11
2024.05.03,7,키움,33,15,18,0,0.455,6.5,2승0무8패,2패,9-0-9,6-0-9
2024.05.03,8,한화,34,14,20,0,0.412,8,3승0무7패,1승,7-0-10,7-0-10
2024.05.03,9,KT,36,14,21,1,0.400,8.5,7승0무3패,2승,7-0-8,7-1-13
2024.05.03,10,롯데,33,10,22,1,0.313,11,4승0무6패,2승,7-1-9,3-0-13
2024.05.04,1,KIA,35,23,12,0,0.657,0,5승0무5패,1승,11-0-6,12-0-6
2024.05.04,2,NC,35,22,13,0,0.629,1,7승0무3패,2승,13-0-5,9-0-8
2024.05.04,3,삼성,36,20,15,1,0.571,3,6승0무4패,2패,6-0-10,14-1-5
2024.05.04,4,SSG,36,19,16,1,0.543,4,5승0무5패,2패,11-1-10,8-0-6
2024.05.04,5,LG,37,18,17,2,0.514,5,5승0무5패,2패,11-1-7,7-1-10
2024.05.04,6,두산,37,18,19,0,0.486,6,6승0무4패,2승,10-0-8,8-0-11
2024.05.04,7,키움,34,15,19,0,0.441,7.5,2승0무8패,3패,9-0-9,6-0-10
2024.05.04,8,KT,37,15,21,1,0.417,8.5,7승0무3패,3승,8-0-8,7-1-13
2024.05.04,9,한화,35,14,21,0,0.400,9,3승0무7패,1패,7-0-10,7-0-11
2024.05.04,10,롯데,34,11,22,1,0.333,11,4승0무6패,3승,7-1-9,4-0-13
2024.05.07,1,KIA,35,23,12,0,0.657,0,5승0무5패,1승,11-0-6,12-0-6
2024.05.07,2,NC,35,22,13,0,0.629,1,7승0무3패,2승,13-0-5,9-0-8
2024.05.07,3,삼성,36,20,15,1,0.571,3,6승0무4패,2패,6-0-10,14-1-5
2024.05.07,4,SSG,37,20,16,1,0.556,3.5,5승0무5패,1승,11-1-10,9-0-6
2024.05.07,5,LG,38,18,18,2,0.500,5.5,5승0무5패,3패,11-1-8,7-1-10
2024.05.07,5,두산,38,19,19,0,0.500,5.5,7승0무3패,3승,10-0-8,9-0-11
2024.05.07,7,키움,35,15,20,0,0.429,8,2승0무8패,4패,9-0-10,6-0-10
2024.05.07,8,KT,37,15,21,1,0.417,8.5,7승0무3패,3승,8-0-8,7-1-13
2024.05.07,9,한화,35,14,21,0,0.400,9,3승0무7패,1패,7-0-10,7-0-11
2024.05.07,10,롯데,34,11,22,1,0.333,11,4승0무6패,3승,7-1-9,4-0-13
2024.05.08,1,KIA,36,24,12,0,0.667,0,5승0무5패,2승,11-0-6,13-0-6
2024.05.08,2,NC,36,22,14,0,0.611,2,6승0무4패,1패,13-0-5,9-0-9
2024.05.08,3,삼성,37,20,16,1,0.556,4,5승0무5패,3패,6-0-11,14-1-5
2024.05.08,4,SSG,38,20,17,1,0.541,4.5,5승0무5패,1패,11-1-10,9-0-7
2024.05.08,5,LG,39,19,18,2,0.514,5.5,5승0무5패,1승,12-1-8,7-1-10
2024.05.08,6,두산,39,20,19,0,0.513,5.5,7승0무3패,4승,10-0-8,10-0-11
2024.05.08,7,KT,38,16,21,1,0.432,8.5,7승0무3패,4승,9-0-8,7-1-13
2024.05.08,8,키움,36,15,21,0,0.417,9,2승0무8패,5패,9-0-11,6-0-10
2024.05.08,9,한화,36,14,22,0,0.389,10,3승0무7패,2패,7-0-10,7-0-12
2024.05.08,10,롯데,35,12,22,1,0.353,11,5승0무5패,4승,8-1-9,4-0-13
2024.05.09,1,KIA,37,24,13,0,0.649,0,4승0무6패,1패,11-0-6,13-0-7
2024.05.09,2,NC,37,22,15,0,0.595,2,6승0무4패,2패,13-0-5,9-0-10
2024.05.09,3,삼성,38,21,16,1,0.568,3,6승0무4패,1승,7-0-11,14-1-5
2024.05.09,4,LG,40,20,18,2,0.526,4.5,5승0무5패,2승,13-1-8,7-1-10
2024.05.09,4,SSG,39,20,18,1,0.526,4.5,4승0무6패,2패,11-1-10,9-0-8
2024.05.09,6,두산,40,21,19,0,0.525,4.5,7승0무3패,5승,10-0-8,11-0-11
2024.05.09,7,KT,39,17,21,1,0.447,7.5,7승0무3패,5승,10-0-8,7-1-13
2024.05.09,8,키움,37,15,22,0,0.405,9,2승0무8패,6패,9-0-12,6-0-10
2024.05.09,9,한화,37,14,23,0,0.378,10,3승0무7패,3패,7-0-10,7-0-13
2024.05.09,10,롯데,36,13,22,1,0.371,10,5승0무5패,5승,9-1-9,4-0-13
2024.05.10,1,KIA,38,24,14,0,0.632,0,4승0무6패,2패,11-0-7,13-0-7
2024.05.10,2,NC,38,23,15,0,0.605,1,6승0무4패,1승,14-0-5,9-0-10
2024.05.10,3,삼성,39,21,17,1,0.553,3,5승0무5패,1패,7-0-11,14-1-6
2024.05.10,4,LG,41,21,18,2,0.538,3.5,5승0무5패,3승,13-1-8,8-1-10
2024.05.10,4,SSG,40,21,18,1,0.538,3.5,5승0무5패,1승,11-1-10,10-0-8
2024.05.10,6,두산,41,22,19,0,0.537,3.5,8승0무2패,6승,11-0-8,11-0-11
2024.05.10,7,KT,40,17,22,1,0.436,7.5,7승0무3패,1패,10-0-8,7-1-14
2024.05.10,8,한화,38,15,23,0,0.395,9,4승0무6패,1승,8-0-10,7-0-13
2024.05.10,8,키움,38,15,23,0,0.395,9,2승0무8패,7패,9-0-12,6-0-11
2024.05.10,10,롯데,37,13,23,1,0.361,10,5승0무5패,1패,9-1-10,4-0-13
2024.05.11,1,KIA,38,24,14,0,0.632,0,4승0무6패,2패,11-0-7,13-0-7
2024.05.11,2,NC,39,23,16,0,0.590,1.5,5승0무5패,1패,14-0-6,9-0-10
2024.05.11,3,삼성,40,22,17,1,0.564,2.5,5승0무5패,1승,7-0-11,15-1-6
2024.05.11,4,LG,42,22,18,2,0.550,3,6승0무4패,4승,13-1-8,9-1-10
2024.05.11,5,SSG,40,21,18,1,0.538,3.5,5승0무5패,1승,11-1-10,10-0-8
2024.05.11,6,두산,41,22,19,0,0.537,3.5,8승0무2패,6승,11-0-8,11-0-11
2024.05.11,7,KT,40,17,22,1,0.436,7.5,7승0무3패,1패,10-0-8,7-1-14
2024.05.11,8,키움,39,16,23,0,0.410,8.5,3승0무7패,1승,9-0-12,7-0-11
2024.05.11,9,한화,39,15,24,0,0.385,9.5,3승0무7패,1패,8-0-11,7-0-13
2024.05.11,10,롯데,38,13,24,1,0.351,10.5,5승0무5패,2패,9-1-11,4-0-13
2024.05.12,1,KIA,40,25,15,0,0.625,0,4승0무6패,1패,12-0-8,13-0-7
2024.05.12,2,NC,40,23,17,0,0.575,2,4승0무6패,2패,14-0-7,9-0-10
2024.05.12,2,삼성,41,23,17,1,0.575,2,5승0무5패,2승,7-0-11,16-1-6
2024.05.12,4,LG,43,23,18,2,0.561,2.5,7승0무3패,5승,13-1-8,10-1-10
2024.05.12,5,두산,43,24,19,0,0.558,2.5,8승0무2패,8승,13-0-8,11-0-11
2024.05.12,6,SSG,42,22,19,1,0.537,3.5,5승0무5패,1승,11-1-10,11-0-9
2024.05.12,7,KT,42,17,24,1,0.415,8.5,6승0무4패,3패,10-0-8,7-1-16
2024.05.12,8,한화,40,16,24,0,0.400,9,4승0무6패,1승,9-0-11,7-0-13
2024.05.12,8,키움,40,16,24,0,0.400,9,2승0무8패,1패,9-0-12,7-0-12
2024.05.12,10,롯데,39,13,25,1,0.342,11,5승0무5패,3패,9-1-12,4-0-13
2024.05.14,1,KIA,41,25,16,0,0.610,0,4승0무6패,2패,12-0-9,13-0-7
2024.05.14,2,NC,41,23,17,1,0.575,1.5,3승1무6패,2패,14-0-7,9-1-10
2024.05.14,3,두산,44,25,19,0,0.568,1.5,9승0무1패,9승,13-0-8,12-0-11
2024.05.14,4,삼성,42,23,18,1,0.561,2,5승0무5패,1패,7-0-11,16-1-7
2024.05.14,5,LG,44,23,19,2,0.548,2.5,6승0무4패,1패,13-1-9,10-1-10
2024.05.14,5,SSG,43,23,19,1,0.548,2.5,5승0무5패,2승,12-1-10,11-0-9
2024.05.14,7,KT,43,18,24,1,0.429,7.5,6승0무4패,1승,11-0-8,7-1-16
2024.05.14,8,키움,41,17,24,0,0.415,8,2승0무8패,1승,9-0-12,8-0-12
2024.05.14,9,한화,41,16,24,1,0.400,8.5,3승1무6패,1승,9-1-11,7-0-13
2024.05.14,10,롯데,40,13,26,1,0.333,11,5승0무5패,4패,9-1-12,4-0-14
2024.05.15,1,KIA,42,26,16,0,0.619,0,4승0무6패,1승,13-0-9,13-0-7
2024.05.15,2,NC,42,24,17,1,0.585,1.5,4승1무5패,1승,14-0-7,10-1-10
2024.05.15,3,삼성,42,23,18,1,0.561,2.5,5승0무5패,1패,7-0-11,16-1-7
2024.05.15,4,두산,45,25,20,0,0.556,2.5,9승0무1패,1패,13-0-8,12-0-12
2024.05.15,5,LG,44,23,19,2,0.548,3,6승0무4패,1패,13-1-9,10-1-10
2024.05.15,5,SSG,43,23,19,1,0.548,3,5승0무5패,2승,12-1-10,11-0-9
2024.05.15,7,KT,43,18,24,1,0.429,8,6승0무4패,1승,11-0-8,7-1-16
2024.05.15,8,키움,41,17,24,0,0.415,8.5,2승0무8패,1승,9-0-12,8-0-12
2024.05.15,9,한화,42,16,25,1,0.390,9.5,3승1무6패,1패,9-1-12,7-0-13
2024.05.15,10,롯데,40,13,26,1,0.333,11.5,5승0무5패,4패,9-1-12,4-0-14
2024.05.16,1,KIA,43,26,16,1,0.619,0,4승1무5패,1승,13-1-9,13-0-7
2024.05.16,2,NC,43,25,17,1,0.595,1,5승1무4패,2승,14-0-7,11-1-10
2024.05.16,3,삼성,43,24,18,1,0.571,2,5승0무5패,1승,7-0-11,17-1-7
2024.05.16,4,두산,46,25,20,1,0.556,2.5,8승1무1패,1패,13-0-8,12-1-12
2024.05.16,5,LG,45,23,20,2,0.535,3.5,5승0무5패,2패,13-1-10,10-1-10
2024.05.16,5,SSG,44,23,20,1,0.535,3.5,4승0무6패,1패,12-1-11,11-0-9
2024.05.16,7,키움,42,18,24,0,0.429,8,3승0무7패,2승,9-0-12,9-0-12
2024.05.16,8,KT,44,18,25,1,0.419,8.5,6승0무4패,1패,11-0-9,7-1-16
2024.05.16,9,한화,43,16,26,1,0.381,10,3승1무6패,2패,9-1-13,7-0-13
2024.05.16,10,롯데,41,14,26,1,0.350,11,6승0무4패,1승,9-1-12,5-0-14
2024.05.17,1,KIA,44,27,16,1,0.628,0,5승1무4패,2승,13-1-9,14-0-7
2024.05.17,2,NC,44,25,18,1,0.581,2,4승1무5패,1패,14-0-8,11-1-10
2024.05.17,2,삼성,44,25,18,1,0.581,2,5승0무5패,2승,8-0-11,17-1-7
2024.05.17,4,LG,46,24,20,2,0.545,3.5,6승0무4패,1승,13-1-10,11-1-10
2024.05.17,4,SSG,45,24,20,1,0.545,3.5,5승0무5패,1승,12-1-11,12-0-9
2024.05.17,6,두산,47,25,21,1,0.543,3.5,7승1무2패,2패,13-0-9,12-1-12
2024.05.17,7,키움,43,18,25,0,0.419,9,3승0무7패,1패,9-0-13,9-0-12
2024.05.17,8,KT,45,18,26,1,0.409,9.5,5승0무5패,2패,11-0-10,7-1-16
2024.05.17,9,한화,44,16,27,1,0.372,11,2승1무7패,3패,9-1-13,7-0-14
2024.05.17,10,롯데,42,15,26,1,0.366,11,6승0무4패,2승,9-1-12,6-0-14
2024.05.18,1,KIA,45,28,16,1,0.636,0,5승1무4패,3승,13-1-9,15-0-7
2024.05.18,2,삼성,45,26,18,1,0.591,2,6승0무4패,3승,9-0-11,17-1-7
2024.05.18,3,NC,45,25,19,1,0.568,3,3승1무6패,2패,14-0-9,11-1-10
2024.05.18,4,LG,47,25,20,2,0.556,3.5,7승0무3패,2승,13-1-10,12-1-10
2024.05.18,4,SSG,46,25,20,1,0.556,3.5,6승0무4패,2승,12-1-11,13-0-9
2024.05.18,6,두산,48,26,21,1,0.553,3.5,7승1무2패,1승,14-0-9,12-1-12
2024.05.18,7,키움,44,18,26,0,0.409,10,3승0무7패,2패,9-0-14,9-0-12
2024.05.18,8,KT,46,18,27,1,0.400,10.5,4승0무6패,3패,11-0-11,7-1-16
2024.05.18,9,한화,45,16,28,1,0.364,12,2승1무7패,4패,9-1-13,7-0-15
2024.05.18,10,롯데,43,15,27,1,0.357,12,5승0무5패,1패,9-1-12,6-0-15
2024.05.19,1,KIA,46,29,16,1,0.644,0,5승1무4패,4승,13-1-9,16-0-7
2024.05.19,2,삼성,46,26,19,1,0.578,3,6승0무4패,1패,9-0-12,17-1-7
2024.05.19,3,NC,46,25,20,1,0.556,4,3승1무6패,3패,14-0-10,11-1-10
2024.05.19,4,두산,49,26,21,2,0.553,4,6승2무2패,1승,14-1-9,12-1-12
2024.05.19,5,LG,48,25,21,2,0.543,4.5,7승0무3패,1패,13-1-10,12-1-11
2024.05.19,5,SSG,47,25,21,1,0.543,4.5,5승0무5패,1패,12-1-11,13-0-10
2024.05.19,7,키움,45,19,26,0,0.422,10,4승0무6패,1승,10-0-14,9-0-12
2024.05.19,8,KT,47,19,27,1,0.413,10.5,4승0무6패,1승,12-0-11,7-1-16
2024.05.19,9,한화,46,17,28,1,0.378,12,3승1무6패,1승,9-1-13,8-0-15
2024.05.19,10,롯데,44,15,27,2,0.357,12.5,4승1무5패,1패,9-1-12,6-1-15
2024.05.21,1,KIA,47,29,17,1,0.630,0,5승1무4패,1패,13-1-9,16-0-8
2024.05.21,2,NC,47,26,20,1,0.565,3,4승1무5패,1승,14-0-10,12-1-10
2024.05.21,2,삼성,47,26,20,1,0.565,3,6승0무4패,2패,9-0-13,17-1-7
2024.05.21,4,두산,50,27,21,2,0.563,3,6승2무2패,2승,15-1-9,12-1-12
2024.05.21,5,LG,49,25,22,2,0.532,4.5,6승0무4패,2패,13-1-10,12-1-12
2024.05.21,5,SSG,48,25,22,1,0.532,4.5,5승0무5패,2패,12-1-11,13-0-11
2024.05.21,7,KT,48,20,27,1,0.426,9.5,4승0무6패,2승,12-0-11,8-1-16
2024.05.21,8,키움,46,19,27,0,0.413,10,4승0무6패,1패,10-0-15,9-0-12
2024.05.21,9,한화,47,18,28,1,0.391,11,4승1무5패,2승,10-1-13,8-0-15
2024.05.21,10,롯데,45,16,27,2,0.372,11.5,4승1무5패,1승,10-1-12,6-1-15
2024.05.22,1,KIA,48,29,18,1,0.617,0,5승1무4패,2패,13-1-9,16-0-9
2024.05.22,2,NC,48,27,20,1,0.574,2,4승1무5패,2승,14-0-10,13-1-10
2024.05.22,2,삼성,48,27,20,1,0.574,2,6승0무4패,1승,10-0-13,17-1-7
2024.05.22,4,두산,51,28,21,2,0.571,2,6승2무2패,3승,16-1-9,12-1-12
2024.05.22,5,LG,50,25,23,2,0.521,4.5,5승0무5패,3패,13-1-10,12-1-13
2024.05.22,5,SSG,49,25,23,1,0.521,4.5,5승0무5패,3패,12-1-11,13-0-12
2024.05.22,7,KT,49,20,28,1,0.417,9.5,3승0무7패,1패,12-0-11,8-1-17
2024.05.22,8,한화,48,19,28,1,0.404,10,4승1무5패,3승,11-1-13,8-0-15
2024.05.22,8,키움,47,19,28,0,0.404,10,4승0무6패,2패,10-0-16,9-0-12
2024.05.22,10,롯데,46,17,27,2,0.386,10.5,4승1무5패,2승,11-1-12,6-1-15
2024.05.23,1,KIA,49,29,19,1,0.604,0,4승1무5패,3패,13-1-9,16-0-10
2024.05.23,2,두산,52,29,21,2,0.580,1,6승2무2패,4승,17-1-9,12-1-12
2024.05.23,3,NC,49,27,21,1,0.563,2,4승1무5패,1패,14-0-10,13-1-11
2024.05.23,3,삼성,49,27,21,1,0.563,2,6승0무4패,1패,10-0-14,17-1-7
2024.05.23,5,LG,51,26,23,2,0.531,3.5,5승0무5패,1승,13-1-10,13-1-13
2024.05.23,6,SSG,50,25,24,1,0.510,4.5,4승0무6패,4패,12-1-11,13-0-13
2024.05.23,7,KT,50,21,28,1,0.429,8.5,4승0무6패,1승,12-0-11,9-1-17
2024.05.23,8,키움,48,20,28,0,0.417,9,5승0무5패,1승,11-0-16,9-0-12
2024.05.23,9,롯데,47,18,27,2,0.400,9.5,5승1무4패,3승,12-1-12,6-1-15
2024.05.23,10,한화,49,19,29,1,0.396,10,4승1무5패,1패,11-1-14,8-0-15
2024.05.24,1,KIA,50,29,20,1,0.592,0,4승1무5패,4패,13-1-10,16-0-10
2024.05.24,2,두산,53,30,21,2,0.588,0,6승2무2패,5승,17-1-9,13-1-12
2024.05.24,3,삼성,50,28,21,1,0.571,1,6승0무4패,1승,10-0-14,18-1-7
2024.05.24,4,NC,50,27,22,1,0.551,2,4승1무5패,2패,14-0-10,13-1-12
2024.05.24,5,LG,52,27,23,2,0.540,2.5,5승0무5패,2승,14-1-10,13-1-13
2024.05.24,6,SSG,51,25,25,1,0.500,4.5,4승0무6패,5패,12-1-12,13-0-13
2024.05.24,7,KT,51,22,28,1,0.440,7.5,5승0무5패,2승,13-0-11,9-1-17
2024.05.24,8,한화,50,20,29,1,0.408,9,4승1무5패,1승,11-1-14,9-0-15
2024.05.24,8,키움,49,20,29,0,0.408,9,4승0무6패,1패,11-0-16,9-0-13
2024.05.24,10,롯데,48,18,28,2,0.391,9.5,5승1무4패,1패,12-1-13,6-1-15
2024.05.25,1,KIA,51,30,20,1,0.600,0,5승1무4패,1승,14-1-10,16-0-10
2024.05.25,2,두산,54,30,22,2,0.577,1,5승2무3패,1패,17-1-9,13-1-13
2024.05.25,3,삼성,51,28,22,1,0.560,2,5승0무5패,1패,10-0-14,18-1-8
2024.05.25,4,LG,53,28,23,2,0.549,2.5,5승0무5패,3승,15-1-10,13-1-13
2024.05.25,5,NC,51,27,23,1,0.540,3,4승0무6패,3패,14-0-10,13-1-13
2024.05.25,6,SSG,52,25,26,1,0.490,5.5,3승0무7패,6패,12-1-13,13-0-13
2024.05.25,7,KT,52,23,28,1,0.451,7.5,6승0무4패,3승,14-0-11,9-1-17
2024.05.25,8,한화,51,21,29,1,0.420,9,5승0무5패,2승,11-1-14,10-0-15
2024.05.25,9,롯데,49,19,28,2,0.404,9.5,6승1무3패,1승,13-1-13,6-1-15
2024.05.25,10,키움,50,20,30,0,0.400,10,4승0무6패,2패,11-0-16,9-0-14
2024.05.26,1,KIA,52,31,20,1,0.608,0,5승1무4패,2승,15-1-10,16-0-10
2024.05.26,2,두산,55,30,23,2,0.566,2,5승2무3패,2패,17-1-9,13-1-14
2024.05.26,3,LG,54,29,23,2,0.558,2.5,6승0무4패,4승,16-1-10,13-1-13
2024.05.26,4,삼성,52,28,23,1,0.549,3,5승0무5패,2패,10-0-14,18-1-9
2024.05.26,5,NC,52,27,24,1,0.529,4,3승0무7패,4패,14-0-10,13-1-14
2024.05.26,6,SSG,52,25,26,1,0.490,6,3승0무7패,6패,12-1-13,13-0-13
2024.05.26,7,KT,52,23,28,1,0.451,8,6승0무4패,3승,14-0-11,9-1-17
2024.05.26,8,한화,51,21,29,1,0.420,9.5,5승0무5패,2승,11-1-14,10-0-15
2024.05.26,9,롯데,50,20,28,2,0.417,9.5,7승1무2패,2승,14-1-13,6-1-15
2024.05.26,10,키움,50,20,30,0,0.400,10.5,4승0무6패,2패,11-0-16,9-0-14
2024.05.28,1,KIA,53,32,20,1,0.615,0,6승0무4패,3승,15-1-10,17-0-10
2024.05.28,2,LG,55,30,23,2,0.566,2.5,7승0무3패,5승,16-1-10,14-1-13
2024.05.28,3,두산,56,30,24,2,0.556,3,5승1무4패,3패,17-1-10,13-1-14
2024.05.28,4,삼성,53,28,24,1,0.538,4,4승0무6패,3패,10-0-15,18-1-9
2024.05.28,5,NC,53,27,25,1,0.519,5,2승0무8패,5패,14-0-11,13-1-14
2024.05.28,6,SSG,53,25,27,1,0.481,7,2승0무8패,7패,12-1-14,13-0-13
2024.05.28,7,KT,53,24,28,1,0.462,8,6승0무4패,4승,14-0-11,10-1-17
2024.05.28,8,한화,52,22,29,1,0.431,9.5,6승0무4패,3승,12-1-14,10-0-15
2024.05.28,9,키움,51,21,30,0,0.412,10.5,4승0무6패,1승,11-0-16,10-0-14
2024.05.28,10,롯데,51,20,29,2,0.408,10.5,6승1무3패,1패,14-1-13,6-1-16
2024.05.29,1,KIA,54,33,20,1,0.623,0,6승0무4패,4승,15-1-10,18-0-10
2024.05.29,2,LG,56,31,23,2,0.574,2.5,7승0무3패,6승,16-1-10,15-1-13
2024.05.29,3,두산,57,31,24,2,0.564,3,6승1무3패,1승,18-1-10,13-1-14
2024.05.29,4,삼성,54,28,25,1,0.528,5,3승0무7패,4패,10-0-16,18-1-9
2024.05.29,5,NC,54,27,26,1,0.509,6,2승0무8패,6패,14-0-12,13-1-14
2024.05.29,6,SSG,54,25,28,1,0.472,8,2승0무8패,8패,12-1-15,13-0-13
2024.05.29,7,KT,54,24,29,1,0.453,9,6승0무4패,1패,14-0-11,10-1-18
2024.05.29,8,한화,53,23,29,1,0.442,9.5,7승0무3패,4승,13-1-14,10-0-15
2024.05.29,9,키움,52,22,30,0,0.423,10.5,4승0무6패,2승,11-0-16,11-0-14
2024.05.29,10,롯데,52,20,30,2,0.400,11.5,5승1무4패,2패,14-1-13,6-1-17
2024.05.30,1,KIA,55,34,20,1,0.630,0,6승0무4패,5승,15-1-10,19-0-10
2024.05.30,2,두산,58,32,24,2,0.571,3,6승1무3패,2승,19-1-10,13-1-14
2024.05.30,3,LG,57,31,24,2,0.564,3.5,6승0무4패,1패,16-1-10,15-1-14
2024.05.30,4,삼성,55,29,25,1,0.537,5,3승0무7패,1승,11-0-16,18-1-9
2024.05.30,5,NC,55,27,27,1,0.500,7,2승0무8패,7패,14-0-13,13-1-14
2024.05.30,6,SSG,55,26,28,1,0.481,8,2승0무8패,1승,13-1-15,13-0-13
2024.05.30,7,한화,54,24,29,1,0.453,9.5,8승0무2패,5승,14-1-14,10-0-15
2024.05.30,8,KT,55,24,30,1,0.444,10,6승0무4패,2패,14-0-11,10-1-19
2024.05.30,9,키움,53,22,31,0,0.415,11.5,4승0무6패,1패,11-0-16,11-0-15
2024.05.30,10,롯데,53,20,31,2,0.392,12.5,5승1무4패,3패,14-1-13,6-1-18
2024.05.31,1,KIA,56,34,21,1,0.618,0,5승0무5패,1패,15-1-11,19-0-10
2024.05.31,2,LG,58,32,24,2,0.571,2.5,7승0무3패,1승,16-1-10,16-1-14
2024.05.31,3,두산,59,32,25,2,0.561,3,6승0무4패,1패,19-1-11,13-1-14
2024.05.31,4,삼성,56,30,25,1,0.545,4,4승0무6패,2승,12-0-16,18-1-9
2024.05.31,5,SSG,56,27,28,1,0.491,7,2승0무8패,2승,13-1-15,14-0-13
2024.05.31,5,NC,56,27,28,1,0.491,7,2승0무8패,8패,14-0-13,13-1-15
2024.05.31,7,KT,56,25,30,1,0.455,9,7승0무3패,1승,14-0-11,11-1-19
2024.05.31,8,한화,55,24,30,1,0.444,9.5,8승0무2패,1패,14-1-14,10-0-16
2024.05.31,9,키움,54,22,32,0,0.407,11.5,4승0무6패,2패,11-0-17,11-0-15
2024.05.31,10,롯데,54,21,31,2,0.404,11.5,6승0무4패,1승,15-1-13,6-1-18
2024.06.01,1,KIA,57,35,21,1,0.625,0,6승0무4패,1승,16-1-11,19-0-10
2024.06.01,2,LG,59,33,24,2,0.579,2.5,8승0무2패,2승,16-1-10,17-1-14
2024.06.01,3,삼성,57,31,25,1,0.554,4,5승0무5패,3승,13-0-16,18-1-9
2024.06.01,4,두산,60,32,26,2,0.552,4,5승0무5패,2패,19-1-12,13-1-14
2024.06.01,5,SSG,57,28,28,1,0.500,7,3승0무7패,3승,13-1-15,15-0-13
2024.06.01,5,NC,57,28,28,1,0.500,7,2승0무8패,1승,14-0-13,14-1-15
2024.06.01,7,KT,57,25,31,1,0.446,10,6승0무4패,1패,14-0-11,11-1-20
2024.06.01,8,한화,56,24,31,1,0.436,10.5,7승0무3패,2패,14-1-14,10-0-17
2024.06.01,9,키움,55,22,33,0,0.400,12.5,3승0무7패,3패,11-0-18,11-0-15
2024.06.01,10,롯데,55,21,32,2,0.396,12.5,5승0무5패,1패,15-1-14,6-1-18
2024.06.02,1,KIA,58,35,22,1,0.614,0,6승0무4패,1패,16-1-12,19-0-10
2024.06.02,2,LG,60,34,24,2,0.586,1.5,9승0무1패,3승,16-1-10,18-1-14
2024.06.02,3,삼성,58,32,25,1,0.561,3,5승0무5패,4승,14-0-16,18-1-9
2024.06.02,4,두산,61,32,27,2,0.542,4,4승0무6패,3패,19-1-13,13-1-14
2024.06.02,5,SSG,58,29,28,1,0.509,6,4승0무6패,4승,13-1-15,16-0-13
2024.06.02,6,NC,58,28,29,1,0.491,7,1승0무9패,1패,14-0-13,14-1-16
2024.06.02,7,KT,58,26,31,1,0.456,9,6승0무4패,1승,14-0-11,12-1-20
2024.06.02,8,한화,57,24,32,1,0.429,10.5,6승0무4패,3패,14-1-14,10-0-18
2024.06.02,9,롯데,56,22,32,2,0.407,11.5,5승0무5패,1승,16-1-14,6-1-18
2024.06.02,10,키움,56,22,34,0,0.393,12.5,3승0무7패,4패,11-0-19,11-0-15
2024.06.04,1,KIA,59,35,23,1,0.603,0,6승0무4패,2패,16-1-13,19-0-10
2024.06.04,2,LG,61,34,25,2,0.576,1.5,8승0무2패,1패,16-1-11,18-1-14
2024.06.04,3,삼성,59,33,25,1,0.569,2,6승0무4패,5승,14-0-16,19-1-9
2024.06.04,4,두산,62,33,27,2,0.550,3,4승0무6패,1승,19-1-13,14-1-14
2024.06.04,5,SSG,59,29,29,1,0.500,6,4승0무6패,1패,13-1-16,16-0-13
2024.06.04,6,NC,59,28,30,1,0.483,7,1승0무9패,2패,14-0-14,14-1-16
2024.06.04,7,KT,59,26,32,1,0.448,9,6승0무4패,1패,14-0-12,12-1-20
2024.06.04,8,한화,58,25,32,1,0.439,9.5,6승0무4패,1승,14-1-14,11-0-18
2024.06.04,9,롯데,57,23,32,2,0.418,10.5,5승0무5패,2승,16-1-14,7-1-18
2024.06.04,10,키움,57,23,34,0,0.404,11.5,4승0무6패,1승,11-0-19,12-0-15
2024.06.05,1,KIA,60,35,24,1,0.593,0,6승0무4패,3패,16-1-14,19-0-10
2024.06.05,2,LG,62,35,25,2,0.583,0.5,8승0무2패,1승,17-1-11,18-1-14
2024.06.05,3,삼성,60,33,26,1,0.559,2,5승0무5패,1패,14-0-16,19-1-10
2024.06.05,4,두산,63,34,27,2,0.557,2,4승0무6패,2승,19-1-13,15-1-14
2024.06.05,5,SSG,60,30,29,1,0.508,5,5승0무5패,1승,14-1-16,16-0-13
2024.06.05,6,NC,60,28,31,1,0.475,7,1승0무9패,3패,14-0-15,14-1-16
2024.06.05,7,한화,59,26,32,1,0.448,8.5,7승0무3패,2승,14-1-14,12-0-18
2024.06.05,8,KT,60,26,33,1,0.441,9,5승0무5패,2패,14-0-13,12-1-20
2024.06.05,9,롯데,58,24,32,2,0.429,9.5,6승0무4패,3승,16-1-14,8-1-18
2024.06.05,10,키움,58,23,35,0,0.397,11.5,3승0무7패,1패,11-0-19,12-0-16
2024.06.06,1,KIA,61,36,24,1,0.600,0,6승0무4패,1승,17-1-14,19-0-10
2024.06.06,2,LG,63,36,25,2,0.590,0.5,8승0무2패,2승,18-1-11,18-1-14
2024.06.06,3,두산,64,35,27,2,0.565,2,5승0무5패,3승,19-1-13,16-1-14
2024.06.06,4,삼성,61,33,27,1,0.550,3,5승0무5패,2패,14-0-16,19-1-11
2024.06.06,5,SSG,61,31,29,1,0.517,5,6승0무4패,2승,15-1-16,16-0-13
2024.06.06,6,NC,61,28,32,1,0.467,8,1승0무9패,4패,14-0-16,14-1-16
2024.06.06,7,한화,60,27,32,1,0.458,8.5,7승0무3패,3승,14-1-14,13-0-18
2024.06.06,8,KT,61,26,34,1,0.433,10,4승0무6패,3패,14-0-14,12-1-20
2024.06.06,9,롯데,59,24,33,2,0.421,10.5,5승0무5패,1패,16-1-14,8-1-19
2024.06.06,10,키움,59,23,36,0,0.390,12.5,3승0무7패,2패,11-0-19,12-0-17
2024.06.07,1,LG,64,37,25,2,0.597,0,8승0무2패,3승,18-1-11,19-1-14
2024.06.07,2,KIA,62,36,25,1,0.590,0.5,5승0무5패,1패,17-1-14,19-0-11
2024.06.07,3,두산,65,36,27,2,0.571,1.5,6승0무4패,4승,20-1-13,16-1-14
2024.06.07,4,삼성,62,33,28,1,0.541,3.5,5승0무5패,3패,14-0-16,19-1-12
2024.06.07,5,SSG,62,31,30,1,0.508,5.5,6승0무4패,1패,15-1-16,16-0-14
2024.06.07,6,NC,62,29,32,1,0.475,7.5,2승0무8패,1승,14-0-16,15-1-16
2024.06.07,7,한화,61,27,33,1,0.450,9,6승0무4패,1패,14-1-15,13-0-18
2024.06.07,8,롯데,60,25,33,2,0.431,10,5승0무5패,1승,17-1-14,8-1-19
2024.06.07,9,KT,62,26,35,1,0.426,10.5,3승0무7패,4패,14-0-15,12-1-20
2024.06.07,10,키움,60,24,36,0,0.400,12,4승0무6패,1승,12-0-19,12-0-17
2024.06.08,1,LG,65,38,25,2,0.603,0,8승0무2패,4승,18-1-11,20-1-14
2024.06.08,2,KIA,63,36,26,1,0.581,1.5,4승0무6패,2패,17-1-14,19-0-12
2024.06.08,3,두산,66,37,27,2,0.578,1.5,7승0무3패,5승,21-1-13,16-1-14
2024.06.08,4,삼성,63,33,29,1,0.532,4.5,5승0무5패,4패,14-0-16,19-1-13
2024.06.08,5,SSG,62,31,30,1,0.508,6,6승0무4패,1패,15-1-16,16-0-14
2024.06.08,6,NC,63,30,32,1,0.484,7.5,3승0무7패,2승,14-0-16,16-1-16
2024.06.08,7,한화,62,27,34,1,0.443,10,5승0무5패,2패,14-1-16,13-0-18
2024.06.08,8,롯데,60,25,33,2,0.431,10.5,5승0무5패,1승,17-1-14,8-1-19
2024.06.08,9,KT,63,26,36,1,0.419,11.5,2승0무8패,5패,14-0-16,12-1-20
2024.06.08,10,키움,61,25,36,0,0.410,12,4승0무6패,2승,13-0-19,12-0-17
2024.06.09,1,LG,66,38,26,2,0.594,0,7승0무3패,1패,18-1-11,20-1-15
2024.06.09,2,KIA,64,37,26,1,0.587,0.5,4승0무6패,1승,17-1-14,20-0-12
2024.06.09,3,두산,67,37,28,2,0.569,1.5,6승0무4패,1패,21-1-14,16-1-14
2024.06.09,4,삼성,64,34,29,1,0.540,3.5,6승0무4패,1승,14-0-16,20-1-13
2024.06.09,5,SSG,64,32,31,1,0.508,5.5,7승0무3패,1패,15-1-16,17-0-15
2024.06.09,6,NC,64,30,32,2,0.484,7,3승1무6패,2승,14-0-16,16-2-16
2024.06.09,7,한화,63,27,34,2,0.443,9.5,4승1무5패,2패,14-2-16,13-0-18
2024.06.09,8,롯데,62,26,34,2,0.433,10,6승0무4패,1승,18-1-15,8-1-19
2024.06.09,9,KT,64,27,36,1,0.429,10.5,3승0무7패,1승,15-0-16,12-1-20
2024.06.09,10,키움,62,25,37,0,0.403,12,3승0무7패,1패,13-0-20,12-0-17
2024.06.11,1,LG,67,38,27,2,0.585,0,7승0무3패,2패,18-1-11,20-1-16
2024.06.11,2,KIA,65,37,27,1,0.578,0.5,3승0무7패,1패,17-1-14,20-0-13
2024.06.11,3,두산,68,37,29,2,0.561,1.5,5승0무5패,2패,21-1-15,16-1-14
2024.06.11,4,삼성,65,35,29,1,0.547,2.5,6승0무4패,2승,15-0-16,20-1-13
2024.06.11,5,SSG,65,33,31,1,0.516,4.5,7승0무3패,1승,16-1-16,17-0-15
2024.06.11,6,NC,65,31,32,2,0.492,6,4승1무5패,3승,15-0-16,16-2-16
2024.06.11,7,한화,64,28,34,2,0.452,8.5,4승1무5패,1승,14-2-16,14-0-18
2024.06.11,8,롯데,63,26,35,2,0.426,10,6승0무4패,1패,18-1-16,8-1-19
2024.06.11,9,KT,65,27,37,1,0.422,10.5,3승0무7패,1패,15-0-16,12-1-21
2024.06.11,10,키움,63,26,37,0,0.413,11,4승0무6패,1승,13-0-20,13-0-17
2024.06.12,1,KIA,66,38,27,1,0.585,0,4승0무6패,1승,17-1-14,21-0-13
2024.06.12,2,LG,68,38,28,2,0.576,0.5,6승0무4패,3패,18-1-11,20-1-17
2024.06.12,3,삼성,66,36,29,1,0.554,2,6승0무4패,3승,16-0-16,20-1-13
2024.06.12,4,두산,69,37,30,2,0.552,2,5승0무5패,3패,21-1-16,16-1-14
2024.06.12,5,SSG,66,33,32,1,0.508,5,6승0무4패,1패,16-1-17,17-0-15
2024.06.12,6,NC,66,31,33,2,0.484,6.5,4승1무5패,1패,15-0-17,16-2-16
2024.06.12,7,한화,65,29,34,2,0.460,8,5승1무4패,2승,14-2-16,15-0-18
2024.06.12,8,롯데,64,27,35,2,0.435,9.5,6승0무4패,1승,19-1-16,8-1-19
2024.06.12,9,KT,66,28,37,1,0.431,10,3승0무7패,1승,15-0-16,13-1-21
2024.06.12,10,키움,64,26,38,0,0.406,11.5,4승0무6패,1패,13-0-20,13-0-18
2024.06.13,1,KIA,67,38,28,1,0.576,0,3승0무7패,1패,17-1-14,21-0-14
2024.06.13,2,LG,69,38,29,2,0.567,0.5,5승0무5패,4패,18-1-11,20-1-18
2024.06.13,3,삼성,67,37,29,1,0.561,1,6승0무4패,4승,17-0-16,20-1-13
2024.06.13,4,두산,70,38,30,2,0.559,1,6승0무4패,1승,22-1-16,16-1-14
2024.06.13,5,SSG,67,34,32,1,0.515,4,6승0무4패,1승,17-1-17,17-0-15
2024.06.13,6,NC,67,32,33,2,0.492,5.5,4승1무5패,1승,16-0-17,16-2-16
2024.06.13,7,한화,66,29,35,2,0.453,8,5승1무4패,1패,14-2-16,15-0-19
2024.06.13,8,롯데,65,28,35,2,0.444,8.5,7승0무3패,2승,20-1-16,8-1-19
2024.06.13,9,KT,67,28,38,1,0.424,10,3승0무7패,1패,15-0-16,13-1-22
2024.06.13,10,키움,65,26,39,0,0.400,11.5,4승0무6패,2패,13-0-20,13-0-19
2024.06.14,1,KIA,68,39,28,1,0.582,0,4승0무6패,1승,17-1-14,22-0-14
2024.06.14,2,LG,70,39,29,2,0.574,0.5,5승0무5패,1승,19-1-11,20-1-18
2024.06.14,3,삼성,68,38,29,1,0.567,1,6승0무4패,5승,17-0-16,21-1-13
2024.06.14,4,두산,71,39,30,2,0.565,1,7승0무3패,2승,22-1-16,17-1-14
2024.06.14,5,SSG,68,35,32,1,0.522,4,6승0무4패,2승,17-1-17,18-0-15
2024.06.14,6,NC,68,32,34,2,0.485,6.5,4승1무5패,1패,16-0-18,16-2-16
2024.06.14,7,한화,67,29,36,2,0.446,9,5승1무4패,2패,14-2-17,15-0-19
2024.06.14,8,롯데,66,28,36,2,0.438,9.5,6승0무4패,1패,20-1-16,8-1-20
2024.06.14,9,KT,68,28,39,1,0.418,11,2승0무8패,2패,15-0-17,13-1-22
2024.06.14,10,키움,66,26,40,0,0.394,12.5,4승0무6패,3패,13-0-21,13-0-19
2024.06.15,1,KIA,69,40,28,1,0.588,0,5승0무5패,2승,17-1-14,23-0-14
2024.06.15,2,두산,72,40,30,2,0.571,1,7승0무3패,3승,22-1-16,18-1-14
2024.06.15,3,LG,71,39,30,2,0.565,1.5,5승0무5패,1패,19-1-12,20-1-18
2024.06.15,4,삼성,69,38,30,1,0.559,2,5승0무5패,1패,17-0-16,21-1-14
2024.06.15,5,SSG,69,36,32,1,0.529,4,7승0무3패,3승,17-1-17,19-0-15
2024.06.15,6,NC,69,33,34,2,0.493,6.5,5승1무4패,1승,17-0-18,16-2-16
2024.06.15,7,롯데,67,29,36,2,0.446,9.5,6승0무4패,1승,20-1-16,9-1-20
2024.06.15,8,한화,68,29,37,2,0.439,10,4승1무5패,3패,14-2-18,15-0-19
2024.06.15,9,KT,69,28,40,1,0.412,12,2승0무8패,3패,15-0-18,13-1-22
2024.06.15,10,키움,67,26,41,0,0.388,13.5,3승0무7패,4패,13-0-22,13-0-19
2024.06.16,1,KIA,70,41,28,1,0.594,0,6승0무4패,3승,17-1-14,24-0-14
2024.06.16,2,LG,72,40,30,2,0.571,1.5,5승0무5패,1승,20-1-12,20-1-18
2024.06.16,3,두산,73,40,31,2,0.563,2,6승0무4패,1패,22-1-16,18-1-15
2024.06.16,4,삼성,70,38,31,1,0.551,3,5승0무5패,2패,17-0-16,21-1-15
2024.06.16,5,SSG,70,36,33,1,0.522,5,6승0무4패,1패,17-1-17,19-0-16
2024.06.16,6,NC,70,34,34,2,0.500,6.5,6승1무3패,2승,18-0-18,16-2-16
2024.06.16,7,한화,69,30,37,2,0.448,10,4승1무5패,1승,15-2-18,15-0-19
2024.06.16,8,롯데,68,29,37,2,0.439,10.5,5승0무5패,1패,20-1-16,9-1-21
2024.06.16,9,KT,70,28,41,1,0.406,13,2승0무8패,4패,15-0-19,13-1-22
2024.06.16,10,키움,68,27,41,0,0.397,13.5,4승0무6패,1승,14-0-22,13-0-19
2024.06.18,1,KIA,71,42,28,1,0.600,0,6승0무4패,4승,18-1-14,24-0-14
2024.06.18,2,두산,74,41,31,2,0.569,2,6승0무4패,1승,23-1-16,18-1-15
2024.06.18,3,LG,73,40,31,2,0.563,2.5,4승0무6패,1패,20-1-12,20-1-19
2024.06.18,4,삼성,71,38,32,1,0.543,4,5승0무5패,3패,17-0-17,21-1-15
2024.06.18,5,SSG,71,37,33,1,0.529,5,6승0무4패,1승,17-1-17,20-0-16
2024.06.18,6,NC,71,34,35,2,0.493,7.5,6승1무3패,1패,18-0-18,16-2-17
2024.06.18,7,한화,70,31,37,2,0.456,10,4승1무5패,2승,16-2-18,15-0-19
2024.06.18,8,롯데,69,29,38,2,0.433,11.5,5승0무5패,2패,20-1-16,9-1-22
2024.06.18,9,KT,71,29,41,1,0.414,13,3승0무7패,1승,16-0-19,13-1-22
2024.06.18,10,키움,69,27,42,0,0.391,14.5,4승0무6패,1패,14-0-22,13-0-20
2024.06.19,1,KIA,72,42,29,1,0.592,0,6승0무4패,1패,18-1-15,24-0-14
2024.06.19,2,LG,74,41,31,2,0.569,1.5,4승0무6패,1승,20-1-12,21-1-19
2024.06.19,3,두산,75,41,32,2,0.562,2,5승0무5패,1패,23-1-17,18-1-15
2024.06.19,4,삼성,72,39,32,1,0.549,3,6승0무4패,1승,18-0-17,21-1-15
2024.06.19,5,SSG,72,37,34,1,0.521,5,6승0무4패,1패,17-1-17,20-0-17
2024.06.19,6,NC,72,35,35,2,0.500,6.5,6승1무3패,1승,18-0-18,17-2-17
2024.06.19,7,한화,71,32,37,2,0.464,9,5승1무4패,3승,17-2-18,15-0-19
2024.06.19,8,롯데,70,30,38,2,0.441,10.5,5승0무5패,1승,20-1-16,10-1-22
2024.06.19,9,KT,72,29,42,1,0.408,13,3승0무7패,1패,16-0-20,13-1-22
2024.06.19,10,키움,70,27,43,0,0.386,14.5,3승0무7패,2패,14-0-22,13-0-21
2024.06.20,1,KIA,73,43,29,1,0.597,0,7승0무3패,1승,19-1-15,24-0-14
2024.06.20,2,두산,76,42,32,2,0.568,2,5승0무5패,1승,24-1-17,18-1-15
2024.06.20,3,LG,75,41,32,2,0.562,2.5,3승0무7패,1패,20-1-12,21-1-20
2024.06.20,4,삼성,73,40,32,1,0.556,3,7승0무3패,2승,19-0-17,21-1-15
2024.06.20,5,SSG,73,37,35,1,0.514,6,5승0무5패,2패,17-1-17,20-0-18
2024.06.20,6,NC,73,35,36,2,0.493,7.5,5승1무4패,1패,18-0-18,17-2-18
2024.06.20,7,한화,72,32,38,2,0.457,10,5승1무4패,1패,17-2-19,15-0-19
2024.06.20,8,롯데,71,30,39,2,0.435,11.5,5승0무5패,1패,20-1-16,10-1-23
2024.06.20,9,KT,73,30,42,1,0.417,13,4승0무6패,1승,17-0-20,13-1-22
2024.06.20,10,키움,71,28,43,0,0.394,14.5,3승0무7패,1승,14-0-22,14-0-21
2024.06.21,1,KIA,74,44,29,1,0.603,0,7승0무3패,2승,20-1-15,24-0-14
2024.06.21,2,삼성,74,41,32,1,0.562,3,7승0무3패,3승,20-0-17,21-1-15
2024.06.21,3,두산,77,42,33,2,0.560,3,5승0무5패,1패,24-1-17,18-1-16
2024.06.21,4,LG,76,41,33,2,0.554,3.5,3승0무7패,2패,20-1-13,21-1-20
2024.06.21,5,SSG,74,37,36,1,0.507,7,5승0무5패,3패,17-1-18,20-0-18
2024.06.21,6,NC,74,36,36,2,0.500,7.5,6승0무4패,1승,18-0-18,18-2-18
2024.06.21,7,한화,73,32,39,2,0.451,11,5승0무5패,2패,17-2-19,15-0-20
2024.06.21,8,롯데,72,30,40,2,0.429,12.5,4승0무6패,2패,20-1-16,10-1-24
2024.06.21,9,KT,74,31,42,1,0.425,13,4승0무6패,2승,17-0-20,14-1-22
2024.06.21,10,키움,72,29,43,0,0.403,14.5,4승0무6패,2승,15-0-22,14-0-21
2024.06.22,1,KIA,74,44,29,1,0.603,0,7승0무3패,2승,20-1-15,24-0-14
2024.06.22,2,삼성,74,41,32,1,0.562,3,7승0무3패,3승,20-0-17,21-1-15
2024.06.22,3,두산,77,42,33,2,0.560,3,5승0무5패,1패,24-1-17,18-1-16
2024.06.22,4,LG,76,41,33,2,0.554,3.5,3승0무7패,2패,20-1-13,21-1-20
2024.06.22,5,SSG,75,38,36,1,0.514,6.5,5승0무5패,1승,18-1-18,20-0-18
2024.06.22,6,NC,75,36,37,2,0.493,8,5승0무5패,1패,18-0-18,18-2-19
2024.06.22,7,한화,73,32,39,2,0.451,11,5승0무5패,2패,17-2-19,15-0-20
2024.06.22,8,롯데,73,31,40,2,0.437,12,5승0무5패,1승,20-1-16,11-1-24
2024.06.22,9,KT,74,31,42,1,0.425,13,4승0무6패,2승,17-0-20,14-1-22
2024.06.22,10,키움,73,29,44,0,0.397,15,3승0무7패,1패,15-0-23,14-0-21
2024.06.23,1,KIA,76,45,30,1,0.600,0,7승0무3패,1승,21-1-16,24-0-14
2024.06.23,2,삼성,76,43,32,1,0.573,2,7승0무3패,5승,22-0-17,21-1-15
2024.06.23,3,LG,78,42,34,2,0.553,3.5,4승0무6패,1패,21-1-14,21-1-20
2024.06.23,4,두산,79,42,35,2,0.545,4,5승0무5패,3패,24-1-17,18-1-18
2024.06.23,5,SSG,76,38,37,1,0.507,7,5승0무5패,1패,18-1-19,20-0-18
2024.06.23,6,NC,76,37,37,2,0.500,7.5,6승0무4패,1승,18-0-18,19-2-19
2024.06.23,7,한화,75,33,40,2,0.452,11,4승0무6패,1패,17-2-19,16-0-21
2024.06.23,8,롯데,74,32,40,2,0.444,11.5,5승0무5패,2승,20-1-16,12-1-24
2024.06.23,9,KT,76,32,43,1,0.427,13,4승0무6패,1승,17-0-20,15-1-23
2024.06.23,10,키움,74,29,45,0,0.392,15.5,3승0무7패,2패,15-0-24,14-0-21
2024.06.25,1,KIA,77,45,30,2,0.600,0,7승1무2패,1승,21-1-16,24-1-14
2024.06.25,2,삼성,77,43,33,1,0.566,2.5,6승0무4패,1패,22-0-17,21-1-16
2024.06.25,3,LG,79,43,34,2,0.558,3,5승0무5패,1승,22-1-14,21-1-20
2024.06.25,4,두산,80,42,36,2,0.538,4.5,4승0무6패,4패,24-1-17,18-1-19
2024.06.25,5,SSG,77,38,38,1,0.500,7.5,4승0무6패,2패,18-1-20,20-0-18
2024.06.25,6,NC,77,37,38,2,0.493,8,5승0무5패,1패,18-0-18,19-2-20
2024.06.25,7,한화,76,34,40,2,0.459,10.5,5승0무5패,1승,18-2-19,16-0-21
2024.06.25,8,롯데,75,32,40,3,0.444,11.5,4승1무5패,2승,20-2-16,12-1-24
2024.06.25,9,KT,77,33,43,1,0.434,12.5,5승0무5패,2승,17-0-20,16-1-23
2024.06.25,10,키움,75,30,45,0,0.400,15,4승0무6패,1승,16-0-24,14-0-21
2024.06.26,1,KIA,78,45,31,2,0.592,0,6승1무3패,1패,21-1-16,24-1-15
2024.06.26,2,LG,80,44,34,2,0.564,2,5승0무5패,2승,23-1-14,21-1-20
2024.06.26,3,삼성,78,43,34,1,0.558,2.5,5승0무5패,2패,22-0-17,21-1-17
2024.06.26,4,두산,81,43,36,2,0.544,3.5,4승0무6패,1승,24-1-17,19-1-19
2024.06.26,5,SSG,78,39,38,1,0.506,6.5,4승0무6패,1승,19-1-20,20-0-18
2024.06.26,6,NC,78,37,39,2,0.487,8,5승0무5패,2패,18-0-18,19-2-21
2024.06.26,7,한화,77,34,41,2,0.453,10.5,5승0무5패,1패,18-2-20,16-0-21
2024.06.26,8,롯데,76,33,40,3,0.452,10.5,5승1무4패,3승,21-2-16,12-1-24
2024.06.26,9,KT,78,33,44,1,0.429,12.5,5승0무5패,1패,17-0-20,16-1-24
2024.06.26,10,키움,76,31,45,0,0.408,14,5승0무5패,2승,17-0-24,14-0-21
2024.06.27,1,KIA,79,45,32,2,0.584,0,5승1무4패,2패,21-1-16,24-1-16
2024.06.27,2,삼성,79,44,34,1,0.564,1.5,6승0무4패,1승,22-0-17,22-1-17
2024.06.27,3,LG,81,44,35,2,0.557,2,5승0무5패,1패,23-1-15,21-1-20
2024.06.27,4,두산,82,43,37,2,0.538,3.5,3승0무7패,1패,24-1-17,19-1-20
2024.06.27,5,SSG,79,39,39,1,0.500,6.5,3승0무7패,1패,19-1-21,20-0-18
2024.06.27,6,NC,79,37,40,2,0.481,8,4승0무6패,3패,18-0-18,19-2-22
2024.06.27,7,한화,78,35,41,2,0.461,9.5,6승0무4패,1승,19-2-20,16-0-21
2024.06.27,8,롯데,77,34,40,3,0.459,9.5,5승1무4패,4승,22-2-16,12-1-24
2024.06.27,9,KT,79,34,44,1,0.436,11.5,6승0무4패,1승,17-0-20,17-1-24
2024.06.27,10,키움,77,32,45,0,0.416,13,6승0무4패,3승,18-0-24,14-0-21
2024.06.28,1,KIA,80,45,33,2,0.577,0,4승1무5패,3패,21-1-17,24-1-16
2024.06.28,2,삼성,80,44,35,1,0.557,1.5,6승0무4패,1패,22-0-17,22-1-18
2024.06.28,3,LG,82,44,36,2,0.550,2,4승0무6패,2패,23-1-15,21-1-21
2024.06.28,4,두산,83,44,37,2,0.543,2.5,4승0무6패,1승,25-1-17,19-1-20
2024.06.28,5,SSG,80,39,40,1,0.494,6.5,3승0무7패,2패,19-1-21,20-0-19
2024.06.28,6,NC,80,38,40,2,0.487,7,4승0무6패,1승,19-0-18,19-2-22
2024.06.28,7,롯데,78,35,40,3,0.467,8.5,6승1무3패,5승,23-2-16,12-1-24
2024.06.28,8,한화,79,35,42,2,0.455,9.5,5승0무5패,1패,19-2-20,16-0-22
2024.06.28,9,KT,80,35,44,1,0.443,10.5,7승0무3패,2승,18-0-20,17-1-24
2024.06.28,10,키움,78,33,45,0,0.423,12,6승0무4패,4승,18-0-24,15-0-21
2024.06.29,1,KIA,80,45,33,2,0.577,0,4승1무5패,3패,21-1-17,24-1-16
2024.06.29,2,삼성,80,44,35,1,0.557,1.5,6승0무4패,1패,22-0-17,22-1-18
2024.06.29,3,LG,82,44,36,2,0.550,2,4승0무6패,2패,23-1-15,21-1-21
2024.06.29,4,두산,84,44,38,2,0.537,3,3승0무7패,1패,25-1-18,19-1-20
2024.06.29,5,SSG,81,40,40,1,0.500,6,3승0무7패,1승,19-1-21,21-0-19
2024.06.29,6,NC,80,38,40,2,0.487,7,4승0무6패,1승,19-0-18,19-2-22
2024.06.29,7,롯데,78,35,40,3,0.467,8.5,6승1무3패,5승,23-2-16,12-1-24
2024.06.29,8,한화,79,35,42,2,0.455,9.5,5승0무5패,1패,19-2-20,16-0-22
2024.06.29,9,KT,80,35,44,1,0.443,10.5,7승0무3패,2승,18-0-20,17-1-24
2024.06.29,10,키움,78,33,45,0,0.423,12,6승0무4패,4승,18-0-24,15-0-21
2024.06.30,1,KIA,80,45,33,2,0.577,0,4승1무5패,3패,21-1-17,24-1-16
2024.06.30,2,LG,83,45,36,2,0.556,1.5,5승0무5패,1승,23-1-15,22-1-21
2024.06.30,3,삼성,82,44,36,2,0.550,2,5승1무4패,2패,22-0-17,22-2-19
2024.06.30,4,두산,85,44,39,2,0.530,3.5,3승0무7패,2패,25-1-19,19-1-20
2024.06.30,5,SSG,82,41,40,1,0.506,5.5,4승0무6패,2승,19-1-21,22-0-19
2024.06.30,6,NC,81,38,41,2,0.481,7.5,4승0무6패,1패,19-0-19,19-2-22
2024.06.30,7,롯데,78,35,40,3,0.467,8.5,6승1무3패,5승,23-2-16,12-1-24
2024.06.30,8,한화,79,35,42,2,0.455,9.5,5승0무5패,1패,19-2-20,16-0-22
2024.06.30,9,KT,82,36,44,2,0.450,10,7승1무2패,3승,19-1-20,17-1-24
2024.06.30,10,키움,78,33,45,0,0.423,12,6승0무4패,4승,18-0-24,15-0-21
2024.07.02,1,KIA,81,46,33,2,0.582,0,4승1무5패,1승,21-1-17,25-1-16
2024.07.02,2,LG,84,45,37,2,0.549,2.5,4승0무6패,1패,23-1-15,22-1-22
2024.07.02,3,삼성,83,44,37,2,0.543,3,4승1무5패,3패,22-0-18,22-2-19
2024.07.02,4,두산,85,44,39,2,0.530,4,3승0무7패,2패,25-1-19,19-1-20
2024.07.02,5,SSG,82,41,40,1,0.506,6,4승0무6패,2승,19-1-21,22-0-19
2024.07.02,6,NC,81,38,41,2,0.481,8,4승0무6패,1패,19-0-19,19-2-22
2024.07.02,7,롯데,78,35,40,3,0.467,9,6승1무3패,5승,23-2-16,12-1-24
2024.07.02,8,KT,83,37,44,2,0.457,10,7승1무2패,4승,19-1-20,18-1-24
2024.07.02,9,한화,80,35,43,2,0.449,10.5,4승0무6패,2패,19-2-21,16-0-22
2024.07.02,10,키움,79,34,45,0,0.430,12,7승0무3패,5승,19-0-24,15-0-21
2024.07.03,1,KIA,82,47,33,2,0.588,0,5승1무4패,2승,21-1-17,26-1-16
2024.07.03,2,LG,85,45,38,2,0.542,3.5,4승0무6패,2패,23-1-15,22-1-23
2024.07.03,3,삼성,84,44,38,2,0.537,4,3승1무6패,4패,22-0-19,22-2-19
2024.07.03,4,두산,86,45,39,2,0.536,4,3승0무7패,1승,26-1-19,19-1-20
2024.07.03,5,SSG,83,41,41,1,0.500,7,4승0무6패,1패,19-1-21,22-0-20
2024.07.03,6,NC,82,39,41,2,0.488,8,4승0무6패,1승,20-0-19,19-2-22
2024.07.03,7,KT,84,38,44,2,0.463,10,7승1무2패,5승,19-1-20,19-1-24
2024.07.03,8,롯데,79,35,41,3,0.461,10,6승1무3패,1패,23-2-16,12-1-25
2024.07.03,9,한화,81,35,44,2,0.443,11.5,3승0무7패,3패,19-2-22,16-0-22
2024.07.03,10,키움,80,35,45,0,0.438,12,8승0무2패,6승,20-0-24,15-0-21
2024.07.04,1,KIA,83,48,33,2,0.593,0,5승1무4패,3승,21-1-17,27-1-16
2024.07.04,2,LG,86,46,38,2,0.548,3.5,5승0무5패,1승,23-1-15,23-1-23
2024.07.04,3,두산,87,46,39,2,0.541,4,4승0무6패,2승,27-1-19,19-1-20
2024.07.04,4,삼성,85,44,39,2,0.530,5,2승1무7패,5패,22-0-20,22-2-19
2024.07.04,5,SSG,84,41,42,1,0.494,8,4승0무6패,2패,19-1-21,22-0-21
2024.07.04,6,NC,83,40,41,2,0.494,8,5승0무5패,2승,21-0-19,19-2-22
2024.07.04,7,KT,85,38,45,2,0.458,11,7승1무2패,1패,19-1-20,19-1-25
2024.07.04,8,롯데,80,35,42,3,0.455,11,5승1무4패,2패,23-2-16,12-1-26
2024.07.04,9,한화,82,36,44,2,0.450,11.5,4승0무6패,1승,20-2-22,16-0-22
2024.07.04,10,키움,81,35,46,0,0.432,13,7승0무3패,1패,20-0-25,15-0-21
2024.07.09,1,KIA,84,49,33,2,0.598,0,5승1무4패,4승,21-1-17,28-1-16
2024.07.09,2,LG,87,46,39,2,0.541,4.5,4승0무6패,1패,23-1-16,23-1-23
2024.07.09,2,두산,87,46,39,2,0.541,4.5,4승0무6패,2승,27-1-19,19-1-20
2024.07.09,4,삼성,85,44,39,2,0.530,5.5,2승1무7패,5패,22-0-20,22-2-19
2024.07.09,5,SSG,85,42,42,1,0.500,8,4승0무6패,1승,20-1-21,22-0-21
2024.07.09,6,NC,83,40,41,2,0.494,8.5,5승0무5패,2승,21-0-19,19-2-22
2024.07.09,7,KT,85,38,45,2,0.458,11.5,7승1무2패,1패,19-1-20,19-1-25
2024.07.09,8,롯데,81,35,43,3,0.449,12,5승1무4패,3패,23-2-16,12-1-27
2024.07.09,9,한화,83,36,45,2,0.444,12.5,4승0무6패,1패,20-2-22,16-0-23
2024.07.09,10,키움,82,36,46,0,0.439,13,7승0무3패,1승,21-0-25,15-0-21
2024.07.10,1,KIA,85,50,33,2,0.602,0,6승1무3패,5승,21-1-17,29-1-16
2024.07.10,2,삼성,86,45,39,2,0.536,5.5,2승1무7패,1승,23-0-20,22-2-19
2024.07.10,3,LG,88,46,40,2,0.535,5.5,4승0무6패,2패,23-1-17,23-1-23
2024.07.10,3,두산,88,46,40,2,0.535,5.5,4승0무6패,1패,27-1-19,19-1-21
2024.07.10,5,SSG,86,42,43,1,0.494,9,4승0무6패,1패,20-1-22,22-0-21
2024.07.10,6,NC,84,40,42,2,0.488,9.5,4승0무6패,1패,21-0-19,19-2-23
2024.07.10,7,KT,86,39,45,2,0.464,11.5,7승1무2패,1승,20-1-20,19-1-25
2024.07.10,8,롯데,82,36,43,3,0.456,12,6승1무3패,1승,23-2-16,13-1-27
2024.07.10,9,한화,84,37,45,2,0.451,12.5,4승0무6패,1승,20-2-22,17-0-23
2024.07.10,10,키움,83,36,47,0,0.434,14,7승0무3패,1패,21-0-26,15-0-21
2024.07.11,1,KIA,86,51,33,2,0.607,0,6승1무3패,6승,21-1-17,30-1-16
2024.07.11,2,삼성,87,46,39,2,0.541,5.5,3승1무6패,2승,24-0-20,22-2-19
2024.07.11,3,두산,89,47,40,2,0.540,5.5,5승0무5패,1승,27-1-19,20-1-21
2024.07.11,4,LG,89,46,41,2,0.529,6.5,3승0무7패,3패,23-1-18,23-1-23
2024.07.11,5,SSG,87,43,43,1,0.500,9,5승0무5패,1승,21-1-22,22-0-21
2024.07.11,6,NC,85,40,43,2,0.482,10.5,4승0무6패,2패,21-0-19,19-2-24
2024.07.11,7,KT,87,39,46,2,0.459,12.5,6승1무3패,1패,20-1-21,19-1-25
2024.07.11,8,롯데,83,36,44,3,0.450,13,5승1무4패,1패,23-2-16,13-1-28
2024.07.11,9,한화,85,37,46,2,0.446,13.5,4승0무6패,1패,20-2-22,17-0-24
2024.07.11,10,키움,84,37,47,0,0.440,14,8승0무2패,1승,22-0-26,15-0-21
2024.07.12,1,KIA,87,51,34,2,0.600,0,6승0무4패,1패,21-1-18,30-1-16
2024.07.12,2,삼성,88,47,39,2,0.547,4.5,4승1무5패,3승,24-0-20,23-2-19
2024.07.12,3,두산,90,47,41,2,0.534,5.5,5승0무5패,1패,27-1-20,20-1-21
2024.07.12,4,LG,90,46,42,2,0.523,6.5,2승0무8패,4패,23-1-18,23-1-24
2024.07.12,5,SSG,88,44,43,1,0.506,8,5승0무5패,2승,21-1-22,23-0-21
2024.07.12,6,NC,86,41,43,2,0.488,9.5,4승0무6패,1승,22-0-19,19-2-24
2024.07.12,7,KT,88,40,46,2,0.465,11.5,7승1무2패,1승,20-1-21,20-1-25
2024.07.12,8,한화,86,38,46,2,0.452,12.5,4승0무6패,1승,21-2-22,17-0-24
2024.07.12,9,롯데,84,36,45,3,0.444,13,4승1무5패,2패,23-2-17,13-1-28
2024.07.12,10,키움,85,37,48,0,0.435,14,7승0무3패,1패,22-0-26,15-0-22
2024.07.13,1,KIA,88,51,35,2,0.593,0,6승0무4패,2패,21-1-19,30-1-16
2024.07.13,2,삼성,89,47,40,2,0.540,4.5,3승1무6패,1패,24-0-20,23-2-20
2024.07.13,3,두산,91,48,41,2,0.539,4.5,5승0무5패,1승,28-1-20,20-1-21
2024.07.13,4,LG,91,47,42,2,0.528,5.5,3승0무7패,1승,23-1-18,24-1-24
2024.07.13,5,SSG,89,45,43,1,0.511,7,6승0무4패,3승,21-1-22,24-0-21
2024.07.13,6,NC,87,42,43,2,0.494,8.5,5승0무5패,2승,23-0-19,19-2-24
2024.07.13,7,KT,89,41,46,2,0.471,10.5,7승1무2패,2승,20-1-21,21-1-25
2024.07.13,8,한화,87,38,47,2,0.447,12.5,4승0무6패,1패,21-2-23,17-0-24
2024.07.13,9,롯데,85,36,46,3,0.439,13,4승0무6패,3패,23-2-18,13-1-28
2024.07.13,10,키움,86,37,49,0,0.430,14,6승0무4패,2패,22-0-26,15-0-23
2024.07.14,1,KIA,89,52,35,2,0.598,0,7승0무3패,1승,22-1-19,30-1-16
2024.07.14,2,삼성,90,48,40,2,0.545,4.5,4승1무5패,1승,24-0-20,24-2-20
2024.07.14,3,LG,92,48,42,2,0.533,5.5,4승0무6패,2승,23-1-18,25-1-24
2024.07.14,3,두산,92,48,42,2,0.533,5.5,5승0무5패,1패,28-1-21,20-1-21
2024.07.14,5,SSG,90,45,44,1,0.506,8,6승0무4패,1패,21-1-22,24-0-22
2024.07.14,6,NC,87,42,43,2,0.494,9,5승0무5패,2승,23-0-19,19-2-24
2024.07.14,7,KT,89,41,46,2,0.471,11,7승1무2패,2승,20-1-21,21-1-25
2024.07.14,8,한화,88,38,48,2,0.442,13.5,3승0무7패,2패,21-2-24,17-0-24
2024.07.14,9,롯데,85,36,46,3,0.439,13.5,4승0무6패,3패,23-2-18,13-1-28
2024.07.14,10,키움,86,37,49,0,0.430,14.5,6승0무4패,2패,22-0-26,15-0-23
2024.07.16,1,KIA,89,52,35,2,0.598,0,7승0무3패,1승,22-1-19,30-1-16
2024.07.16,2,삼성,90,48,40,2,0.545,4.5,4승1무5패,1승,24-0-20,24-2-20
2024.07.16,3,LG,92,48,42,2,0.533,5.5,4승0무6패,2승,23-1-18,25-1-24
2024.07.16,4,두산,93,48,43,2,0.527,6,4승0무6패,2패,28-1-21,20-1-22
2024.07.16,5,SSG,90,45,44,1,0.506,8,6승0무4패,1패,21-1-22,24-0-22
2024.07.16,6,NC,87,42,43,2,0.494,9,5승0무5패,2승,23-0-19,19-2-24
2024.07.16,7,KT,90,42,46,2,0.477,10.5,7승1무2패,3승,20-1-21,22-1-25
2024.07.16,8,롯데,86,37,46,3,0.446,13,4승0무6패,1승,24-2-18,13-1-28
2024.07.16,9,한화,88,38,48,2,0.442,13.5,3승0무7패,2패,21-2-24,17-0-24
2024.07.16,10,키움,87,37,50,0,0.425,15,5승0무5패,3패,22-0-27,15-0-23
2024.07.17,1,KIA,90,53,35,2,0.602,0,8승0무2패,2승,23-1-19,30-1-16
2024.07.17,2,삼성,91,48,41,2,0.539,5.5,4승0무6패,1패,24-0-20,24-2-21
2024.07.17,3,LG,93,49,42,2,0.538,5.5,4승0무6패,3승,24-1-18,25-1-24
2024.07.17,4,두산,94,48,44,2,0.522,7,4승0무6패,3패,28-1-21,20-1-23
2024.07.17,5,SSG,91,45,45,1,0.500,9,5승0무5패,2패,21-1-22,24-0-23
2024.07.17,5,NC,88,43,43,2,0.500,9,6승0무4패,3승,24-0-19,19-2-24
2024.07.17,7,KT,91,43,46,2,0.483,10.5,8승0무2패,4승,20-1-21,23-1-25
2024.07.17,8,롯데,87,38,46,3,0.452,13,4승0무6패,2승,25-2-18,13-1-28
2024.07.17,9,한화,89,38,49,2,0.437,14.5,3승0무7패,3패,21-2-24,17-0-25
2024.07.17,10,키움,88,37,51,0,0.420,16,4승0무6패,4패,22-0-28,15-0-23
2024.07.18,1,KIA,91,54,35,2,0.607,0,8승0무2패,3승,24-1-19,30-1-16
2024.07.18,2,LG,93,49,42,2,0.538,6,4승0무6패,3승,24-1-18,25-1-24
2024.07.18,3,삼성,92,48,42,2,0.533,6.5,4승0무6패,2패,24-0-20,24-2-22
2024.07.18,4,두산,95,49,44,2,0.527,7,5승0무5패,1승,28-1-21,21-1-23
2024.07.18,5,NC,89,44,43,2,0.506,9,7승0무3패,4승,25-0-19,19-2-24
2024.07.18,6,SSG,91,45,45,1,0.500,9.5,5승0무5패,2패,21-1-22,24-0-23
2024.07.18,7,KT,92,44,46,2,0.489,10.5,8승0무2패,5승,20-1-21,24-1-25
2024.07.18,8,롯데,88,38,47,3,0.447,14,3승0무7패,1패,25-2-19,13-1-28
2024.07.18,9,한화,90,38,50,2,0.432,15.5,3승0무7패,4패,21-2-24,17-0-26
2024.07.18,10,키움,89,37,52,0,0.416,17,3승0무7패,5패,22-0-29,15-0-23
2024.07.19,1,KIA,92,55,35,2,0.611,0,8승0무2패,4승,24-1-19,31-1-16
2024.07.19,2,LG,94,50,42,2,0.543,6,5승0무5패,4승,25-1-18,25-1-24
2024.07.19,3,삼성,93,48,43,2,0.527,7.5,4승0무6패,3패,24-0-21,24-2-22
2024.07.19,4,두산,96,49,45,2,0.521,8,4승0무6패,1패,28-1-21,21-1-24
2024.07.19,5,SSG,92,46,45,1,0.505,9.5,5승0무5패,1승,22-1-22,24-0-23
2024.07.19,6,NC,90,44,44,2,0.500,10,6승0무4패,1패,25-0-19,19-2-25
2024.07.19,7,KT,93,45,46,2,0.495,10.5,8승0무2패,6승,21-1-21,24-1-25
2024.07.19,8,롯데,89,39,47,3,0.453,14,4승0무6패,1승,25-2-19,14-1-28
2024.07.19,9,한화,91,38,51,2,0.427,16.5,3승0무7패,5패,21-2-25,17-0-26
2024.07.19,10,키움,90,37,53,0,0.411,18,2승0무8패,6패,22-0-29,15-0-24
2024.07.20,1,KIA,93,56,35,2,0.615,0,8승0무2패,5승,24-1-19,32-1-16
2024.07.20,2,LG,94,50,42,2,0.543,6.5,5승0무5패,4승,25-1-18,25-1-24
2024.07.20,3,삼성,94,49,43,2,0.533,7.5,5승0무5패,1승,25-0-21,24-2-22
2024.07.20,4,두산,96,49,45,2,0.521,8.5,4승0무6패,1패,28-1-21,21-1-24
2024.07.20,5,SSG,92,46,45,1,0.505,10,5승0무5패,1승,22-1-22,24-0-23
2024.07.20,6,NC,90,44,44,2,0.500,10.5,6승0무4패,1패,25-0-19,19-2-25
2024.07.20,7,KT,93,45,46,2,0.495,11,8승0무2패,6승,21-1-21,24-1-25
2024.07.20,8,롯데,90,39,48,3,0.448,15,4승0무6패,1패,25-2-19,14-1-29
2024.07.20,9,한화,92,38,52,2,0.422,17.5,2승0무8패,6패,21-2-26,17-0-26
2024.07.20,10,키움,90,37,53,0,0.411,18.5,2승0무8패,6패,22-0-29,15-0-24
2024.07.21,1,KIA,94,57,35,2,0.620,0,8승0무2패,6승,24-1-19,33-1-16
2024.07.21,2,LG,95,51,42,2,0.548,6.5,6승0무4패,5승,26-1-18,25-1-24
2024.07.21,3,삼성,95,50,43,2,0.538,7.5,6승0무4패,2승,26-0-21,24-2-22
2024.07.21,4,두산,97,49,46,2,0.516,9.5,3승0무7패,2패,28-1-21,21-1-25
2024.07.21,5,NC,91,45,44,2,0.506,10.5,7승0무3패,1승,25-0-19,20-2-25
2024.07.21,6,SSG,93,46,46,1,0.500,11,5승0무5패,1패,22-1-23,24-0-23
2024.07.21,7,KT,94,45,47,2,0.489,12,7승0무3패,1패,21-1-22,24-1-25
2024.07.21,8,롯데,91,39,49,3,0.443,16,4승0무6패,2패,25-2-19,14-1-30
2024.07.21,9,한화,93,38,53,2,0.418,18.5,2승0무8패,7패,21-2-27,17-0-26
2024.07.21,9,키움,91,38,53,0,0.418,18.5,3승0무7패,1승,22-0-29,16-0-24
2024.07.23,1,KIA,95,58,35,2,0.624,0,8승0무2패,7승,25-1-19,33-1-16
2024.07.23,2,LG,96,52,42,2,0.553,6.5,6승0무4패,6승,26-1-18,26-1-24
2024.07.23,3,삼성,96,50,44,2,0.532,8.5,5승0무5패,1패,26-0-21,24-2-23
2024.07.23,4,두산,98,50,46,2,0.521,9.5,4승0무6패,1승,29-1-21,21-1-25
2024.07.23,5,SSG,93,46,46,1,0.500,11.5,5승0무5패,1패,22-1-23,24-0-23
2024.07.23,5,NC,92,45,45,2,0.500,11.5,6승0무4패,1패,25-0-19,20-2-26
2024.07.23,7,KT,94,45,47,2,0.489,12.5,7승0무3패,1패,21-1-22,24-1-25
2024.07.23,8,롯데,92,39,50,3,0.438,17,3승0무7패,3패,25-2-20,14-1-30
2024.07.23,9,한화,94,39,53,2,0.424,18.5,2승0무8패,1승,22-2-27,17-0-26
2024.07.23,10,키움,92,38,54,0,0.413,19.5,2승0무8패,1패,22-0-29,16-0-25
2024.07.24,1,KIA,96,59,35,2,0.628,0,8승0무2패,8승,26-1-19,33-1-16
2024.07.24,2,LG,96,52,42,2,0.553,7,6승0무4패,6승,26-1-18,26-1-24
2024.07.24,3,삼성,97,50,45,2,0.526,9.5,4승0무6패,2패,26-0-21,24-2-24
2024.07.24,4,두산,99,51,46,2,0.526,9.5,4승0무6패,2승,30-1-21,21-1-25
2024.07.24,5,KT,95,46,47,2,0.495,12.5,8승0무2패,1승,22-1-22,24-1-25
2024.07.24,5,SSG,94,46,47,1,0.495,12.5,5승0무5패,2패,22-1-23,24-0-24
2024.07.24,7,NC,93,45,46,2,0.495,12.5,5승0무5패,2패,25-0-19,20-2-27
2024.07.24,8,롯데,92,39,50,3,0.438,17.5,3승0무7패,3패,25-2-20,14-1-30
2024.07.24,9,한화,95,40,53,2,0.430,18.5,3승0무7패,2승,23-2-27,17-0-26
2024.07.24,10,키움,93,38,55,0,0.409,20.5,2승0무8패,2패,22-0-29,16-0-26
2024.07.25,1,KIA,97,59,36,2,0.621,0,8승0무2패,1패,26-1-20,33-1-16
2024.07.25,2,LG,97,53,42,2,0.558,6,7승0무3패,7승,26-1-18,27-1-24
2024.07.25,3,삼성,97,50,45,2,0.526,9,4승0무6패,2패,26-0-21,24-2-24
2024.07.25,4,두산,100,51,47,2,0.520,9.5,4승0무6패,1패,30-1-22,21-1-25
2024.07.25,5,KT,96,47,47,2,0.500,11.5,8승0무2패,2승,23-1-22,24-1-25
2024.07.25,5,NC,94,46,46,2,0.500,11.5,6승0무4패,1승,25-0-19,21-2-27
2024.07.25,7,SSG,95,46,48,1,0.489,12.5,4승0무6패,3패,22-1-23,24-0-25
2024.07.25,8,롯데,93,39,51,3,0.433,17.5,3승0무7패,4패,25-2-21,14-1-30
2024.07.25,9,한화,95,40,53,2,0.430,18,3승0무7패,2승,23-2-27,17-0-26
2024.07.25,10,키움,94,39,55,0,0.415,19.5,2승0무8패,1승,22-0-29,17-0-26
2024.07.26,1,KIA,98,59,37,2,0.615,0,8승0무2패,2패,26-1-20,33-1-17
2024.07.26,2,LG,97,53,42,2,0.558,5.5,7승0무3패,7승,26-1-18,27-1-24
2024.07.26,3,삼성,98,50,46,2,0.521,9,3승0무7패,3패,26-0-22,24-2-24
2024.07.26,4,두산,101,51,48,2,0.515,9.5,3승0무7패,2패,30-1-22,21-1-26
2024.07.26,5,NC,95,47,46,2,0.505,10.5,7승0무3패,2승,26-0-19,21-2-27
2024.07.26,6,KT,97,48,47,2,0.505,10.5,9승0무1패,3승,23-1-22,25-1-25
2024.07.26,7,SSG,96,47,48,1,0.495,11.5,5승0무5패,1승,23-1-23,24-0-25
2024.07.26,8,한화,95,40,53,2,0.430,17.5,3승0무7패,2승,23-2-27,17-0-26
2024.07.26,9,롯데,94,39,52,3,0.429,17.5,3승0무7패,5패,25-2-21,14-1-31
2024.07.26,10,키움,95,40,55,0,0.421,18.5,3승0무7패,2승,23-0-29,17-0-26
2024.07.27,1,KIA,99,59,38,2,0.608,0,7승0무3패,3패,26-1-20,33-1-18
2024.07.27,2,LG,97,53,42,2,0.558,5,7승0무3패,7승,26-1-18,27-1-24
2024.07.27,3,삼성,99,51,46,2,0.526,8,4승0무6패,1승,27-0-22,24-2-24
2024.07.27,4,두산,102,51,49,2,0.510,9.5,3승0무7패,3패,30-1-22,21-1-27
2024.07.27,5,KT,98,48,48,2,0.500,10.5,8승0무2패,1패,23-1-22,25-1-26
2024.07.27,5,SSG,97,48,48,1,0.500,10.5,5승0무5패,2승,24-1-23,24-0-25
2024.07.27,5,NC,96,47,47,2,0.500,10.5,6승0무4패,1패,26-0-20,21-2-27
2024.07.27,8,롯데,95,40,52,3,0.435,16.5,4승0무6패,1승,25-2-21,15-1-31
2024.07.27,9,한화,95,40,53,2,0.430,17,3승0무7패,2승,23-2-27,17-0-26
2024.07.27,10,키움,96,41,55,0,0.427,17.5,4승0무6패,3승,24-0-29,17-0-26
2024.07.28,1,KIA,100,60,38,2,0.612,0,7승0무3패,1승,26-1-20,34-1-18
2024.07.28,2,LG,98,53,43,2,0.552,6,7승0무3패,1패,26-1-19,27-1-24
2024.07.28,3,삼성,100,51,47,2,0.520,9,3승0무7패,1패,27-0-23,24-2-24
2024.07.28,4,KT,99,49,48,2,0.505,10.5,8승0무2패,1승,23-1-22,26-1-26
2024.07.28,4,SSG,98,49,48,1,0.505,10.5,5승0무5패,3승,25-1-23,24-0-25
2024.07.28,6,두산,103,51,50,2,0.505,10.5,3승0무7패,4패,30-1-22,21-1-28
2024.07.28,7,NC,97,47,48,2,0.495,11.5,5승0무5패,2패,26-0-21,21-2-27
2024.07.28,8,롯데,96,41,52,3,0.441,16.5,4승0무6패,2승,25-2-21,16-1-31
2024.07.28,9,한화,96,41,53,2,0.436,17,3승0무7패,3승,23-2-27,18-0-26
2024.07.28,10,키움,97,41,56,0,0.423,18.5,4승0무6패,1패,24-0-30,17-0-26
2024.07.30,1,KIA,101,60,39,2,0.606,0,6승0무4패,1패,26-1-21,34-1-18
2024.07.30,2,LG,99,53,44,2,0.546,6,7승0무3패,2패,26-1-20,27-1-24
2024.07.30,3,삼성,101,52,47,2,0.525,8,4승0무6패,1승,27-0-23,25-2-24
2024.07.30,4,SSG,99,50,48,1,0.510,9.5,5승0무5패,4승,26-1-23,24-0-25
2024.07.30,5,두산,104,52,50,2,0.510,9.5,4승0무6패,1승,30-1-22,22-1-28
2024.07.30,6,KT,100,49,49,2,0.500,10.5,7승0무3패,1패,23-1-23,26-1-26
2024.07.30,7,NC,98,47,49,2,0.490,11.5,4승0무6패,3패,26-0-21,21-2-28
2024.07.30,8,한화,97,42,53,2,0.442,16,4승0무6패,4승,23-2-27,19-0-26
2024.07.30,9,롯데,97,41,53,3,0.436,16.5,3승0무7패,1패,25-2-21,16-1-32
2024.07.30,10,키움,98,42,56,0,0.429,17.5,5승0무5패,1승,25-0-30,17-0-26
2024.07.31,1,KIA,102,60,40,2,0.600,0,5승0무5패,2패,26-1-22,34-1-18
2024.07.31,2,LG,100,54,44,2,0.551,5,8승0무2패,1승,27-1-20,27-1-24
2024.07.31,3,삼성,102,52,48,2,0.520,8,4승0무6패,1패,27-0-23,25-2-25
2024.07.31,4,SSG,100,51,48,1,0.515,8.5,6승0무4패,5승,27-1-23,24-0-25
2024.07.31,5,두산,105,53,50,2,0.515,8.5,4승0무6패,2승,30-1-22,23-1-28
2024.07.31,6,KT,101,49,50,2,0.495,10.5,6승0무4패,2패,23-1-24,26-1-26
2024.07.31,7,NC,99,48,49,2,0.495,10.5,4승0무6패,1승,26-0-21,22-2-28
2024.07.31,8,한화,98,43,53,2,0.448,15,5승0무5패,5승,23-2-27,20-0-26
2024.07.31,9,롯데,98,41,54,3,0.432,16.5,3승0무7패,2패,25-2-21,16-1-33
2024.07.31,10,키움,99,42,57,0,0.424,17.5,5승0무5패,1패,25-0-31,17-0-26
2024.08.01,1,KIA,103,60,41,2,0.594,0,4승0무6패,3패,26-1-23,34-1-18
2024.08.01,2,LG,101,54,45,2,0.545,5,7승0무3패,1패,27-1-21,27-1-24
2024.08.01,3,삼성,103,53,48,2,0.525,7,5승0무5패,1승,27-0-23,26-2-25
2024.08.01,4,두산,106,54,50,2,0.519,7.5,5승0무5패,3승,30-1-22,24-1-28
2024.08.01,5,SSG,101,51,49,1,0.510,8.5,6승0무4패,1패,27-1-24,24-0-25
2024.08.01,6,KT,102,49,51,2,0.490,10.5,5승0무5패,3패,23-1-25,26-1-26
2024.08.01,7,NC,100,48,50,2,0.490,10.5,4승0무6패,1패,26-0-21,22-2-29
2024.08.01,8,한화,99,44,53,2,0.454,14,6승0무4패,6승,23-2-27,21-0-26
2024.08.01,9,롯데,99,42,54,3,0.438,15.5,3승0무7패,1승,25-2-21,17-1-33
2024.08.01,10,키움,100,43,57,0,0.430,16.5,6승0무4패,1승,26-0-31,17-0-26
2024.08.02,1,KIA,104,60,42,2,0.588,0,3승0무7패,4패,26-1-23,34-1-19
2024.08.02,2,LG,101,54,45,2,0.545,4.5,7승0무3패,1패,27-1-21,27-1-24
2024.08.02,3,삼성,104,54,48,2,0.529,6,5승0무5패,2승,28-0-23,26-2-25
2024.08.02,4,두산,107,54,51,2,0.514,7.5,5승0무5패,1패,30-1-23,24-1-28
2024.08.02,5,SSG,102,51,50,1,0.505,8.5,5승0무5패,2패,27-1-24,24-0-26
2024.08.02,6,KT,103,50,51,2,0.495,9.5,5승0무5패,1승,23-1-25,27-1-26
2024.08.02,7,NC,101,48,51,2,0.485,10.5,3승0무7패,2패,26-0-22,22-2-29
2024.08.02,8,한화,100,45,53,2,0.459,13,7승0무3패,7승,24-2-27,21-0-26
2024.08.02,9,롯데,99,42,54,3,0.438,15,3승0무7패,1승,25-2-21,17-1-33
2024.08.02,10,키움,101,44,57,0,0.436,15.5,6승0무4패,2승,26-0-31,18-0-26
2024.08.03,1,KIA,105,61,42,2,0.592,0,3승0무7패,1승,26-1-23,35-1-19
2024.08.03,2,LG,102,54,46,2,0.540,5.5,6승0무4패,2패,27-1-21,27-1-25
2024.08.03,3,삼성,105,55,48,2,0.534,6,5승0무5패,3승,29-0-23,26-2-25
2024.08.03,4,두산,108,54,52,2,0.509,8.5,4승0무6패,2패,30-1-24,24-1-28
2024.08.03,5,SSG,103,51,51,1,0.500,9.5,5승0무5패,3패,27-1-24,24-0-27
2024.08.03,6,KT,103,50,51,2,0.495,10,5승0무5패,1승,23-1-25,27-1-26
2024.08.03,7,NC,101,48,51,2,0.485,11,3승0무7패,2패,26-0-22,22-2-29
2024.08.03,8,한화,101,45,54,2,0.455,14,7승0무3패,1패,24-2-28,21-0-26
2024.08.03,9,롯데,100,43,54,3,0.443,15,4승0무6패,2승,26-2-21,17-1-33
2024.08.03,10,키움,102,45,57,0,0.441,15.5,7승0무3패,3승,26-0-31,19-0-26
2024.08.04,1,KIA,105,61,42,2,0.592,0,3승0무7패,1승,26-1-23,35-1-19
2024.08.04,2,LG,102,54,46,2,0.540,5.5,6승0무4패,2패,27-1-21,27-1-25
2024.08.04,3,삼성,106,56,48,2,0.538,5.5,6승0무4패,4승,30-0-23,26-2-25
2024.08.04,4,두산,108,54,52,2,0.509,8.5,4승0무6패,2패,30-1-24,24-1-28
2024.08.04,5,SSG,104,51,52,1,0.495,10,5승0무5패,4패,27-1-24,24-0-28
2024.08.04,6,KT,104,50,52,2,0.490,10.5,5승0무5패,1패,23-1-25,27-1-27
2024.08.04,7,NC,102,49,51,2,0.490,10.5,4승0무6패,1승,27-0-22,22-2-29
2024.08.04,8,한화,101,45,54,2,0.455,14,7승0무3패,1패,24-2-28,21-0-26
2024.08.04,9,롯데,100,43,54,3,0.443,15,4승0무6패,2승,26-2-21,17-1-33
2024.08.04,10,키움,102,45,57,0,0.441,15.5,7승0무3패,3승,26-0-31,19-0-26
2024.08.06,1,KIA,106,62,42,2,0.596,0,3승0무7패,2승,27-1-23,35-1-19
2024.08.06,2,LG,103,54,47,2,0.535,6.5,5승0무5패,3패,27-1-21,27-1-26
2024.08.06,3,삼성,107,56,49,2,0.533,6.5,6승0무4패,1패,30-0-24,26-2-25
2024.08.06,4,두산,109,55,52,2,0.514,8.5,4승0무6패,1승,31-1-24,24-1-28
2024.08.06,5,SSG,105,52,52,1,0.500,10,6승0무4패,1승,27-1-24,25-0-28
2024.08.06,6,KT,105,50,53,2,0.485,11.5,4승0무6패,2패,23-1-25,27-1-28
2024.08.06,7,NC,103,49,52,2,0.485,11.5,4승0무6패,1패,27-0-22,22-2-30
2024.08.06,8,한화,102,46,54,2,0.460,14,8승0무2패,1승,24-2-28,22-0-26
2024.08.06,9,롯데,101,44,54,3,0.449,15,5승0무5패,3승,27-2-21,17-1-33
2024.08.06,10,키움,103,45,58,0,0.437,16.5,7승0무3패,1패,26-0-32,19-0-26
2024.08.07,1,KIA,107,62,43,2,0.590,0,3승0무7패,1패,27-1-24,35-1-19
2024.08.07,2,삼성,108,57,49,2,0.538,5.5,7승0무3패,1승,31-0-24,26-2-25
2024.08.07,3,LG,104,54,48,2,0.529,6.5,4승0무6패,4패,27-1-21,27-1-27
2024.08.07,4,두산,110,56,52,2,0.519,7.5,5승0무5패,2승,32-1-24,24-1-28
2024.08.07,5,SSG,106,53,52,1,0.505,9,6승0무4패,2승,27-1-24,26-0-28
2024.08.07,6,KT,106,51,53,2,0.490,10.5,4승0무6패,1승,23-1-25,28-1-28
2024.08.07,7,NC,104,49,53,2,0.480,11.5,3승0무7패,2패,27-0-22,22-2-31
2024.08.07,8,한화,103,46,55,2,0.455,14,8승0무2패,1패,24-2-28,22-0-27
2024.08.07,9,롯데,102,45,54,3,0.455,14,6승0무4패,4승,28-2-21,17-1-33
2024.08.07,10,키움,104,45,59,0,0.433,16.5,6승0무4패,2패,26-0-33,19-0-26
2024.08.08,1,KIA,108,62,44,2,0.585,0,3승0무7패,2패,27-1-25,35-1-19
2024.08.08,2,LG,105,55,48,2,0.534,5.5,4승0무6패,1승,27-1-21,28-1-27
2024.08.08,3,삼성,109,57,50,2,0.533,5.5,6승0무4패,1패,31-0-25,26-2-25
2024.08.08,4,두산,111,56,53,2,0.514,7.5,5승0무5패,1패,32-1-25,24-1-28
2024.08.08,5,SSG,107,53,53,1,0.500,9,5승0무5패,1패,27-1-24,26-0-29
2024.08.08,6,KT,107,52,53,2,0.495,9.5,4승0무6패,2승,23-1-25,29-1-28
2024.08.08,7,NC,104,49,53,2,0.480,11,3승0무7패,2패,27-0-22,22-2-31
2024.08.08,8,한화,104,47,55,2,0.461,13,8승0무2패,1승,24-2-28,23-0-27
2024.08.08,9,롯데,102,45,54,3,0.455,13.5,6승0무4패,4승,28-2-21,17-1-33
2024.08.08,10,키움,105,46,59,0,0.438,15.5,6승0무4패,1승,27-0-33,19-0-26
2024.08.09,1,KIA,109,63,44,2,0.589,0,4승0무6패,1승,28-1-25,35-1-19
2024.08.09,2,LG,106,56,48,2,0.538,5.5,4승0무6패,2승,28-1-21,28-1-27
2024.08.09,3,삼성,110,57,51,2,0.528,6.5,6승0무4패,2패,31-0-25,26-2-26
2024.08.09,4,두산,112,57,53,2,0.518,7.5,6승0무4패,1승,32-1-25,25-1-28
2024.08.09,5,KT,108,53,53,2,0.500,9.5,5승0무5패,3승,24-1-25,29-1-28
2024.08.09,6,SSG,108,53,54,1,0.495,10,4승0무6패,2패,27-1-25,26-0-29
2024.08.09,7,NC,105,49,54,2,0.476,12,2승0무8패,3패,27-0-22,22-2-32
2024.08.09,8,한화,105,48,55,2,0.466,13,8승0무2패,2승,25-2-28,23-0-27
2024.08.09,9,롯데,103,45,55,3,0.450,14.5,6승0무4패,1패,28-2-21,17-1-34
2024.08.09,10,키움,106,46,60,0,0.434,16.5,5승0무5패,1패,27-0-33,19-0-27
2024.08.10,1,KIA,109,63,44,2,0.589,0,4승0무6패,1승,28-1-25,35-1-19
2024.08.10,2,LG,107,57,48,2,0.543,5,4승0무6패,3승,29-1-21,28-1-27
2024.08.10,3,삼성,110,57,51,2,0.528,6.5,6승0무4패,2패,31-0-25,26-2-26
2024.08.10,4,두산,113,58,53,2,0.523,7,7승0무3패,2승,32-1-25,26-1-28
2024.08.10,5,KT,109,53,54,2,0.495,10,4승0무6패,1패,24-1-26,29-1-28
2024.08.10,6,SSG,109,53,55,1,0.491,10.5,3승0무7패,3패,27-1-26,26-0-29
2024.08.10,7,NC,106,49,55,2,0.471,12.5,2승0무8패,4패,27-0-22,22-2-33
2024.08.10,8,한화,106,48,56,2,0.462,13.5,7승0무3패,1패,25-2-29,23-0-27
2024.08.10,9,롯데,104,46,55,3,0.455,14,7승0무3패,1승,28-2-21,18-1-34
2024.08.10,10,키움,107,47,60,0,0.439,16,6승0무4패,1승,27-0-33,20-0-27
2024.08.11,1,KIA,110,63,45,2,0.583,0,3승0무7패,1패,28-1-26,35-1-19
2024.08.11,2,LG,108,58,48,2,0.547,4,5승0무5패,4승,30-1-21,28-1-27
2024.08.11,3,삼성,111,58,51,2,0.532,5.5,6승0무4패,1승,31-0-25,27-2-26
2024.08.11,4,두산,114,58,54,2,0.518,7,6승0무4패,1패,32-1-25,26-1-29
2024.08.11,5,SSG,110,54,55,1,0.495,9.5,3승0무7패,1승,28-1-26,26-0-29
2024.08.11,6,KT,110,53,55,2,0.491,10,4승0무6패,2패,24-1-27,29-1-28
2024.08.11,7,NC,107,49,56,2,0.467,12.5,2승0무8패,5패,27-0-22,22-2-34
2024.08.11,8,롯데,105,47,55,3,0.461,13,7승0무3패,2승,28-2-21,19-1-34
2024.08.11,9,한화,107,48,57,2,0.457,13.5,6승0무4패,2패,25-2-30,23-0-27
2024.08.11,10,키움,108,48,60,0,0.444,15,6승0무4패,2승,27-0-33,21-0-27
2024.08.13,1,KIA,111,64,45,2,0.587,0,4승0무6패,1승,28-1-26,36-1-19
2024.08.13,2,LG,109,59,48,2,0.551,4,6승0무4패,5승,30-1-21,29-1-27
2024.08.13,3,삼성,112,59,51,2,0.536,5.5,7승0무3패,2승,32-0-25,27-2-26
2024.08.13,4,두산,114,58,54,2,0.518,7.5,6승0무4패,1패,32-1-25,26-1-29
2024.08.13,5,SSG,111,55,55,1,0.500,9.5,4승0무6패,2승,28-1-26,27-0-29
2024.08.13,6,KT,111,53,56,2,0.486,11,4승0무6패,3패,24-1-27,29-1-29
2024.08.13,7,NC,108,49,57,2,0.462,13.5,2승0무8패,6패,27-0-23,22-2-34
2024.08.13,8,롯데,105,47,55,3,0.461,13.5,7승0무3패,2승,28-2-21,19-1-34
2024.08.13,9,한화,108,48,58,2,0.453,14.5,5승0무5패,3패,25-2-31,23-0-27
2024.08.13,10,키움,109,48,61,0,0.440,16,6승0무4패,1패,27-0-34,21-0-27
2024.08.14,1,KIA,112,64,46,2,0.582,0,4승0무6패,1패,28-1-26,36-1-20
2024.08.14,2,LG,110,59,49,2,0.546,4,5승0무5패,1패,30-1-21,29-1-28
2024.08.14,3,삼성,113,60,51,2,0.541,4.5,7승0무3패,3승,33-0-25,27-2-26
2024.08.14,4,두산,115,58,55,2,0.513,7.5,5승0무5패,2패,32-1-26,26-1-29
2024.08.14,5,SSG,111,55,55,1,0.500,9,4승0무6패,2승,28-1-26,27-0-29
2024.08.14,6,KT,112,53,57,2,0.482,11,4승0무6패,4패,24-1-27,29-1-30
2024.08.14,7,롯데,106,48,55,3,0.466,12.5,7승0무3패,3승,28-2-21,20-1-34
2024.08.14,8,NC,108,49,57,2,0.462,13,2승0무8패,6패,27-0-23,22-2-34
2024.08.14,9,한화,109,49,58,2,0.458,13.5,5승0무5패,1승,26-2-31,23-0-27
2024.08.14,10,키움,110,49,61,0,0.445,15,6승0무4패,1승,28-0-34,21-0-27
2024.08.15,1,KIA,113,65,46,2,0.586,0,5승0무5패,1승,28-1-26,37-1-20
2024.08.15,2,LG,111,60,49,2,0.550,4,6승0무4패,1승,30-1-21,30-1-28
2024.08.15,3,삼성,114,60,52,2,0.536,5.5,6승0무4패,1패,33-0-26,27-2-26
2024.08.15,4,두산,116,59,55,2,0.518,7.5,5승0무5패,1승,33-1-26,26-1-29
2024.08.15,5,SSG,112,56,55,1,0.505,9,5승0무5패,3승,28-1-26,28-0-29
2024.08.15,6,KT,113,54,57,2,0.486,11,4승0무6패,1승,24-1-27,30-1-30
2024.08.15,7,롯데,107,48,56,3,0.462,13.5,7승0무3패,1패,28-2-21,20-1-35
2024.08.15,8,NC,109,49,58,2,0.458,14,1승0무9패,7패,27-0-24,22-2-34
2024.08.15,9,한화,110,49,59,2,0.454,14.5,4승0무6패,1패,26-2-32,23-0-27
2024.08.15,10,키움,111,49,62,0,0.441,16,5승0무5패,1패,28-0-35,21-0-27
2024.08.16,1,KIA,114,66,46,2,0.589,0,6승0무4패,2승,28-1-26,38-1-20
2024.08.16,2,LG,112,60,50,2,0.545,5,6승0무4패,1패,30-1-22,30-1-28
2024.08.16,3,삼성,115,61,52,2,0.540,5.5,6승0무4패,1승,33-0-26,28-2-26
2024.08.16,4,두산,117,60,55,2,0.522,7.5,6승0무4패,2승,33-1-26,27-1-29
2024.08.16,5,SSG,113,56,56,1,0.500,10,5승0무5패,1패,28-1-27,28-0-29
2024.08.16,6,KT,114,54,58,2,0.482,12,4승0무6패,1패,24-1-28,30-1-30
2024.08.16,7,롯데,108,49,56,3,0.467,13.5,8승0무2패,1승,29-2-21,20-1-35
2024.08.16,8,한화,111,50,59,2,0.459,14.5,5승0무5패,1승,26-2-32,24-0-27
2024.08.16,9,NC,110,49,59,2,0.454,15,1승0무9패,8패,27-0-25,22-2-34
2024.08.16,10,키움,112,49,63,0,0.438,17,4승0무6패,2패,28-0-35,21-0-28
2024.08.17,1,KIA,115,67,46,2,0.593,0,6승0무4패,3승,28-1-26,39-1-20
2024.08.17,2,삼성,116,62,52,2,0.544,5.5,6승0무4패,2승,33-0-26,29-2-26
2024.08.17,3,LG,113,60,51,2,0.541,6,6승0무4패,2패,30-1-23,30-1-28
2024.08.17,4,두산,118,61,55,2,0.526,7.5,7승0무3패,3승,33-1-26,28-1-29
2024.08.17,5,SSG,114,56,57,1,0.496,11,5승0무5패,2패,28-1-28,28-0-29
2024.08.17,6,KT,115,54,59,2,0.478,13,4승0무6패,2패,24-1-29,30-1-30
2024.08.17,7,한화,112,51,59,2,0.464,14.5,5승0무5패,2승,26-2-32,25-0-27
2024.08.17,8,롯데,109,49,57,3,0.462,14.5,7승0무3패,1패,29-2-22,20-1-35
2024.08.17,9,NC,111,49,60,2,0.450,16,1승0무9패,9패,27-0-26,22-2-34
2024.08.17,10,키움,113,50,63,0,0.442,17,5승0무5패,1승,28-0-35,22-0-28
2024.08.18,1,KIA,116,68,46,2,0.596,0,6승0무4패,4승,28-1-26,40-1-20
2024.08.18,2,삼성,117,63,52,2,0.548,5.5,7승0무3패,3승,33-0-26,30-2-26
2024.08.18,3,LG,114,60,52,2,0.536,7,6승0무4패,3패,30-1-24,30-1-28
2024.08.18,4,두산,119,61,56,2,0.521,8.5,6승0무4패,1패,33-1-26,28-1-30
2024.08.18,5,SSG,115,56,58,1,0.491,12,4승0무6패,3패,28-1-29,28-0-29
2024.08.18,6,KT,116,55,59,2,0.482,13,4승0무6패,1승,25-1-29,30-1-30
2024.08.18,7,한화,113,52,59,2,0.468,14.5,6승0무4패,3승,26-2-32,26-0-27
2024.08.18,8,롯데,110,50,57,3,0.467,14.5,7승0무3패,1승,30-2-22,20-1-35
2024.08.18,9,NC,112,49,61,2,0.445,17,0승0무10패,10패,27-0-27,22-2-34
2024.08.18,10,키움,114,50,64,0,0.439,18,5승0무5패,1패,28-0-35,22-0-29
