날짜,요일,홈,방문,구장_x,관중수,지역,구장_y,수용인원(KBO),좌석수,점유율
2023/04/01,토,키움,한화,고척,16000,고척,고척스카이돔,"17,000",16000,100.0
2023/04/01,토,SSG,KIA,문학,23000,문학,인천 SSG 랜더스필드,"23,000",23000,100.0
2023/04/01,토,KT,LG,수원,18700,수원,케이티위즈파크,"20,000",18700,100.0
2023/04/01,토,두산,롯데,잠실,23750,잠실,서울종합운동장 야구장,"25,553",23750,100.0
2023/04/01,토,삼성,NC,대구,24000,대구,대구 삼성 라이온즈파크,"24,000",24000,100.0
2023/04/02,일,키움,한화,고척,11562,고척,고척스카이돔,"17,000",16000,72.2625
2023/04/02,일,SSG,KIA,문학,23000,문학,인천 SSG 랜더스필드,"23,000",23000,100.0
2023/04/02,일,KT,LG,수원,14700,수원,케이티위즈파크,"20,000",18700,78.6096256684492
2023/04/02,일,두산,롯데,잠실,23750,잠실,서울종합운동장 야구장,"25,553",23750,100.0
2023/04/02,일,삼성,NC,대구,18483,대구,대구 삼성 라이온즈파크,"24,000",24000,77.01249999999999
2023/04/04,화,삼성,한화,대구,5936,대구,대구 삼성 라이온즈파크,"24,000",24000,24.73333333333333
2023/04/04,화,키움,LG,고척,4510,고척,고척스카이돔,"17,000",16000,28.1875
2023/04/04,화,SSG,롯데,문학,5809,문학,인천 SSG 랜더스필드,"23,000",23000,25.256521739130434
2023/04/04,화,두산,NC,잠실,3924,잠실,서울종합운동장 야구장,"25,553",23750,16.522105263157894
2023/04/05,수,키움,LG,고척,4194,고척,고척스카이돔,"17,000",16000,26.2125
2023/04/05,수,두산,NC,잠실,2172,잠실,서울종합운동장 야구장,"25,553",23750,9.145263157894737
2023/04/06,목,삼성,한화,대구,6525,대구,대구 삼성 라이온즈파크,"24,000",24000,27.187499999999996
2023/04/06,목,키움,LG,고척,4556,고척,고척스카이돔,"17,000",16000,28.475
2023/04/06,목,두산,NC,잠실,3724,잠실,서울종합운동장 야구장,"25,553",23750,15.68
2023/04/07,금,롯데,KT,사직,14734,사직,사직야구장,"22,990",22758,64.74206872308639
2023/04/07,금,KIA,두산,광주,12821,광주,광주-KIA 챔피언스 필드,"20,500",20500,62.541463414634144
2023/04/07,금,한화,SSG,대전,10415,대전,한화생명 이글스 파크,"13,000",12000,86.79166666666667
2023/04/07,금,LG,삼성,잠실,17201,잠실,서울종합운동장 야구장,"25,553",23750,72.42526315789473
2023/04/07,금,NC,키움,창원,6867,창원,창원NC파크,"22,112",17891,38.38242691856241
2023/04/08,토,롯데,KT,사직,16555,사직,사직야구장,"22,990",22758,72.74365058440988
2023/04/08,토,KIA,두산,광주,16432,광주,광주-KIA 챔피언스 필드,"20,500",20500,80.15609756097561
2023/04/08,토,한화,SSG,대전,11232,대전,한화생명 이글스 파크,"13,000",12000,93.60000000000001
2023/04/08,토,LG,삼성,잠실,22141,잠실,서울종합운동장 야구장,"25,553",23750,93.22526315789473
2023/04/08,토,NC,키움,창원,9763,창원,창원NC파크,"22,112",17891,54.569336537924094
2023/04/09,일,롯데,KT,사직,12283,사직,사직야구장,"22,990",22758,53.97222954565427
2023/04/09,일,KIA,두산,광주,14070,광주,광주-KIA 챔피언스 필드,"20,500",20500,68.63414634146342
2023/04/09,일,한화,SSG,대전,9455,대전,한화생명 이글스 파크,"13,000",12000,78.79166666666667
2023/04/09,일,LG,삼성,잠실,20439,잠실,서울종합운동장 야구장,"25,553",23750,86.05894736842106
2023/04/09,일,NC,키움,창원,7686,창원,창원NC파크,"22,112",17891,42.96014756022581
2023/04/11,화,KIA,한화,광주,3623,광주,광주-KIA 챔피언스 필드,"20,500",20500,17.673170731707316
2023/04/11,화,NC,KT,창원,2069,창원,창원NC파크,"22,112",17891,11.564473757755296
2023/04/11,화,롯데,LG,사직,5286,사직,사직야구장,"22,990",22758,23.226997099920908
2023/04/11,화,삼성,SSG,대구,3907,대구,대구 삼성 라이온즈파크,"24,000",24000,16.27916666666667
2023/04/11,화,두산,키움,잠실,4372,잠실,서울종합운동장 야구장,"25,553",23750,18.408421052631578
2023/04/12,수,KIA,한화,광주,5252,광주,광주-KIA 챔피언스 필드,"20,500",20500,25.619512195121953
2023/04/12,수,NC,KT,창원,2448,창원,창원NC파크,"22,112",17891,13.682857302554357
2023/04/12,수,롯데,LG,사직,6519,사직,사직야구장,"22,990",22758,28.644872132876355
2023/04/12,수,삼성,SSG,대구,5405,대구,대구 삼성 라이온즈파크,"24,000",24000,22.520833333333336
2023/04/13,목,KIA,한화,광주,5457,광주,광주-KIA 챔피언스 필드,"20,500",20500,26.619512195121953
2023/04/13,목,NC,KT,창원,3174,창원,창원NC파크,"22,112",17891,17.740763512380525
2023/04/13,목,롯데,LG,사직,6505,사직,사직야구장,"22,990",22758,28.583355303629492
2023/04/13,목,삼성,SSG,대구,4648,대구,대구 삼성 라이온즈파크,"24,000",24000,19.366666666666667
2023/04/13,목,두산,키움,잠실,6917,잠실,서울종합운동장 야구장,"25,553",23750,29.124210526315792
2023/04/14,금,KT,한화,수원,7145,수원,케이티위즈파크,"20,000",18700,38.20855614973262
2023/04/14,금,키움,KIA,고척,8043,고척,고척스카이돔,"17,000",16000,50.26875
2023/04/14,금,삼성,롯데,대구,9124,대구,대구 삼성 라이온즈파크,"24,000",24000,38.016666666666666
2023/04/14,금,SSG,NC,문학,8218,문학,인천 SSG 랜더스필드,"23,000",23000,35.7304347826087
2023/04/14,금,LG,두산,잠실,16528,잠실,서울종합운동장 야구장,"25,553",23750,69.59157894736843
2023/04/15,토,KT,한화,수원,13212,수원,케이티위즈파크,"20,000",18700,70.6524064171123
2023/04/15,토,키움,KIA,고척,13752,고척,고척스카이돔,"17,000",16000,85.95
2023/04/15,토,삼성,롯데,대구,18231,대구,대구 삼성 라이온즈파크,"24,000",24000,75.9625
2023/04/15,토,SSG,NC,문학,13956,문학,인천 SSG 랜더스필드,"23,000",23000,60.678260869565214
2023/04/15,토,LG,두산,잠실,21243,잠실,서울종합운동장 야구장,"25,553",23750,89.4442105263158
2023/04/16,일,KT,한화,수원,13010,수원,케이티위즈파크,"20,000",18700,69.57219251336898
2023/04/16,일,키움,KIA,고척,11265,고척,고척스카이돔,"17,000",16000,70.40625
2023/04/16,일,삼성,롯데,대구,16076,대구,대구 삼성 라이온즈파크,"24,000",24000,66.98333333333333
2023/04/16,일,SSG,NC,문학,13460,문학,인천 SSG 랜더스필드,"23,000",23000,58.52173913043478
2023/04/16,일,LG,두산,잠실,20090,잠실,서울종합운동장 야구장,"25,553",23750,84.58947368421053
2023/04/18,화,롯데,KIA,사직,3829,사직,사직야구장,"22,990",22758,16.82485279901573
2023/04/18,화,LG,NC,잠실,6574,잠실,서울종합운동장 야구장,"25,553",23750,27.68
2023/04/18,화,한화,두산,대전,4012,대전,한화생명 이글스 파크,"13,000",12000,33.43333333333333
2023/04/18,화,KT,SSG,수원,3398,수원,케이티위즈파크,"20,000",18700,18.171122994652407
2023/04/18,화,키움,삼성,고척,3104,고척,고척스카이돔,"17,000",16000,19.400000000000002
2023/04/19,수,롯데,KIA,사직,4869,사직,사직야구장,"22,990",22758,21.394674400210913
2023/04/19,수,LG,NC,잠실,7090,잠실,서울종합운동장 야구장,"25,553",23750,29.85263157894737
2023/04/19,수,한화,두산,대전,4212,대전,한화생명 이글스 파크,"13,000",12000,35.099999999999994
2023/04/19,수,KT,SSG,수원,3405,수원,케이티위즈파크,"20,000",18700,18.208556149732622
2023/04/19,수,키움,삼성,고척,3869,고척,고척스카이돔,"17,000",16000,24.181250000000002
2023/04/20,목,롯데,KIA,사직,6423,사직,사직야구장,"22,990",22758,28.22304244661218
2023/04/20,목,LG,NC,잠실,9090,잠실,서울종합운동장 야구장,"25,553",23750,38.27368421052631
2023/04/20,목,한화,두산,대전,4122,대전,한화생명 이글스 파크,"13,000",12000,34.35
2023/04/20,목,KT,SSG,수원,4472,수원,케이티위즈파크,"20,000",18700,23.914438502673796
2023/04/20,목,키움,삼성,고척,3918,고척,고척스카이돔,"17,000",16000,24.4875
2023/04/21,금,두산,KT,잠실,6896,잠실,서울종합운동장 야구장,"25,553",23750,29.035789473684208
2023/04/21,금,한화,LG,대전,6004,대전,한화생명 이글스 파크,"13,000",12000,50.03333333333333
2023/04/21,금,NC,롯데,창원,12613,창원,창원NC파크,"22,112",17891,70.49913364261361
2023/04/21,금,KIA,삼성,광주,6870,광주,광주-KIA 챔피언스 필드,"20,500",20500,33.51219512195122
2023/04/21,금,SSG,키움,문학,12374,문학,인천 SSG 랜더스필드,"23,000",23000,53.800000000000004
2023/04/22,토,두산,KT,잠실,13410,잠실,서울종합운동장 야구장,"25,553",23750,56.46315789473684
2023/04/22,토,한화,LG,대전,11152,대전,한화생명 이글스 파크,"13,000",12000,92.93333333333334
2023/04/22,토,NC,롯데,창원,15130,창원,창원NC파크,"22,112",17891,84.56765971717624
2023/04/22,토,KIA,삼성,광주,12990,광주,광주-KIA 챔피언스 필드,"20,500",20500,63.36585365853659
2023/04/22,토,SSG,키움,문학,16535,문학,인천 SSG 랜더스필드,"23,000",23000,71.8913043478261
2023/04/23,일,두산,KT,잠실,10151,잠실,서울종합운동장 야구장,"25,553",23750,42.741052631578945
2023/04/23,일,한화,LG,대전,9023,대전,한화생명 이글스 파크,"13,000",12000,75.19166666666666
2023/04/23,일,NC,롯데,창원,13286,창원,창원NC파크,"22,112",17891,74.26080152031747
2023/04/23,일,KIA,삼성,광주,10026,광주,광주-KIA 챔피언스 필드,"20,500",20500,48.90731707317073
2023/04/23,일,SSG,키움,문학,15878,문학,인천 SSG 랜더스필드,"23,000",23000,69.03478260869565
2023/04/25,화,키움,KT,고척,2956,고척,고척스카이돔,"17,000",16000,18.475
2023/04/25,화,KIA,NC,광주,2216,광주,광주-KIA 챔피언스 필드,"20,500",20500,10.809756097560976
2023/04/25,화,LG,SSG,잠실,7344,잠실,서울종합운동장 야구장,"25,553",23750,30.922105263157896
2023/04/26,수,롯데,한화,사직,7905,사직,사직야구장,"22,990",22758,34.73503822831532
2023/04/26,수,키움,KT,고척,2489,고척,고척스카이돔,"17,000",16000,15.556249999999999
2023/04/26,수,KIA,NC,광주,4798,광주,광주-KIA 챔피언스 필드,"20,500",20500,23.40487804878049
2023/04/26,수,삼성,두산,대구,9213,대구,대구 삼성 라이온즈파크,"24,000",24000,38.3875
2023/04/26,수,LG,SSG,잠실,10419,잠실,서울종합운동장 야구장,"25,553",23750,43.869473684210526
2023/04/27,목,롯데,한화,사직,10393,사직,사직야구장,"22,990",22758,45.667457597328415
2023/04/27,목,키움,KT,고척,3024,고척,고척스카이돔,"17,000",16000,18.9
2023/04/27,목,KIA,NC,광주,6017,광주,광주-KIA 챔피언스 필드,"20,500",20500,29.35121951219512
2023/04/27,목,삼성,두산,대구,8473,대구,대구 삼성 라이온즈파크,"24,000",24000,35.30416666666667
2023/04/27,목,LG,SSG,잠실,13061,잠실,서울종합운동장 야구장,"25,553",23750,54.99368421052632
2023/04/28,금,LG,KIA,잠실,22695,잠실,서울종합운동장 야구장,"25,553",23750,95.55789473684212
2023/04/28,금,한화,NC,대전,7242,대전,한화생명 이글스 파크,"13,000",12000,60.35
2023/04/28,금,SSG,두산,문학,14909,문학,인천 SSG 랜더스필드,"23,000",23000,64.82173913043479
2023/04/28,금,KT,삼성,수원,7314,수원,케이티위즈파크,"20,000",18700,39.11229946524064
2023/04/28,금,롯데,키움,사직,14343,사직,사직야구장,"22,990",22758,63.02399156340628
2023/04/29,토,LG,KIA,잠실,23750,잠실,서울종합운동장 야구장,"25,553",23750,100.0
2023/04/29,토,한화,NC,대전,7813,대전,한화생명 이글스 파크,"13,000",12000,65.10833333333333
2023/04/29,토,SSG,두산,문학,20180,문학,인천 SSG 랜더스필드,"23,000",23000,87.73913043478261
2023/04/29,토,KT,삼성,수원,12039,수원,케이티위즈파크,"20,000",18700,64.37967914438502
2023/04/30,일,LG,KIA,잠실,23750,잠실,서울종합운동장 야구장,"25,553",23750,100.0
2023/04/30,일,한화,NC,대전,10442,대전,한화생명 이글스 파크,"13,000",12000,87.01666666666667
2023/04/30,일,SSG,두산,문학,21026,문학,인천 SSG 랜더스필드,"23,000",23000,91.41739130434783
2023/04/30,일,KT,삼성,수원,14582,수원,케이티위즈파크,"20,000",18700,77.97860962566845
2023/04/30,일,롯데,키움,사직,22990,사직,사직야구장,"22,990",22758,101.01942174180508
2023/05/02,화,두산,한화,잠실,9834,잠실,서울종합운동장 야구장,"25,553",23750,41.40631578947369
2023/05/02,화,SSG,KT,문학,6950,문학,인천 SSG 랜더스필드,"23,000",23000,30.217391304347824
2023/05/02,화,NC,LG,창원,3939,창원,창원NC파크,"22,112",17891,22.016656419428763
2023/05/02,화,KIA,롯데,광주,8892,광주,광주-KIA 챔피언스 필드,"20,500",20500,43.37560975609756
2023/05/02,화,삼성,키움,대구,10624,대구,대구 삼성 라이온즈파크,"24,000",24000,44.266666666666666
2023/05/03,수,두산,한화,잠실,14271,잠실,서울종합운동장 야구장,"25,553",23750,60.08842105263158
2023/05/03,수,SSG,KT,문학,7703,문학,인천 SSG 랜더스필드,"23,000",23000,33.49130434782609
2023/05/03,수,NC,LG,창원,4874,창원,창원NC파크,"22,112",17891,27.242747750265494
2023/05/03,수,KIA,롯데,광주,13815,광주,광주-KIA 챔피언스 필드,"20,500",20500,67.39024390243902
2023/05/03,수,삼성,키움,대구,13394,대구,대구 삼성 라이온즈파크,"24,000",24000,55.80833333333334
2023/05/04,목,두산,한화,잠실,10825,잠실,서울종합운동장 야구장,"25,553",23750,45.578947368421055
2023/05/04,목,SSG,KT,문학,7529,문학,인천 SSG 랜더스필드,"23,000",23000,32.73478260869565
2023/05/04,목,삼성,키움,대구,12076,대구,대구 삼성 라이온즈파크,"24,000",24000,50.31666666666666
2023/05/05,금,키움,SSG,고척,16000,고척,고척스카이돔,"17,000",16000,100.0
2023/05/06,토,키움,SSG,고척,11063,고척,고척스카이돔,"17,000",16000,69.14375
2023/05/07,일,한화,KT,대전,8551,대전,한화생명 이글스 파크,"13,000",12000,71.25833333333334
2023/05/07,일,두산,LG,잠실,22073,잠실,서울종합운동장 야구장,"25,553",23750,92.93894736842105
2023/05/07,일,키움,SSG,고척,7623,고척,고척스카이돔,"17,000",16000,47.643750000000004
2023/05/09,화,KT,NC,수원,2764,수원,케이티위즈파크,"20,000",18700,14.780748663101603
2023/05/09,화,롯데,두산,사직,11643,사직,사직야구장,"22,990",22758,51.16003163722647
2023/05/09,화,KIA,SSG,광주,8916,광주,광주-KIA 챔피언스 필드,"20,500",20500,43.49268292682927
2023/05/09,화,한화,삼성,대전,5014,대전,한화생명 이글스 파크,"13,000",12000,41.78333333333333
2023/05/09,화,LG,키움,잠실,10421,잠실,서울종합운동장 야구장,"25,553",23750,43.8778947368421
2023/05/10,수,KT,NC,수원,3734,수원,케이티위즈파크,"20,000",18700,19.967914438502675
2023/05/10,수,롯데,두산,사직,11435,사직,사직야구장,"22,990",22758,50.24606731698743
2023/05/10,수,KIA,SSG,광주,8481,광주,광주-KIA 챔피언스 필드,"20,500",20500,41.37073170731707
2023/05/10,수,한화,삼성,대전,5865,대전,한화생명 이글스 파크,"13,000",12000,48.875
2023/05/10,수,LG,키움,잠실,12125,잠실,서울종합운동장 야구장,"25,553",23750,51.05263157894737
2023/05/11,목,KT,NC,수원,3934,수원,케이티위즈파크,"20,000",18700,21.037433155080215
2023/05/11,목,롯데,두산,사직,13350,사직,사직야구장,"22,990",22758,58.66069074611126
2023/05/11,목,KIA,SSG,광주,8898,광주,광주-KIA 챔피언스 필드,"20,500",20500,43.40487804878049
2023/05/11,목,한화,삼성,대전,6007,대전,한화생명 이글스 파크,"13,000",12000,50.05833333333334
2023/05/11,목,LG,키움,잠실,11773,잠실,서울종합운동장 야구장,"25,553",23750,49.57052631578948
2023/05/12,금,SSG,한화,문학,14395,문학,인천 SSG 랜더스필드,"23,000",23000,62.58695652173913
2023/05/12,금,두산,KIA,잠실,20563,잠실,서울종합운동장 야구장,"25,553",23750,86.58105263157894
2023/05/12,금,삼성,LG,대구,13765,대구,대구 삼성 라이온즈파크,"24,000",24000,57.354166666666664
2023/05/12,금,KT,롯데,수원,10937,수원,케이티위즈파크,"20,000",18700,58.48663101604278
2023/05/12,금,키움,NC,고척,3866,고척,고척스카이돔,"17,000",16000,24.1625
2023/05/13,토,SSG,한화,문학,23000,문학,인천 SSG 랜더스필드,"23,000",23000,100.0
2023/05/13,토,두산,KIA,잠실,23750,잠실,서울종합운동장 야구장,"25,553",23750,100.0
2023/05/13,토,삼성,LG,대구,21817,대구,대구 삼성 라이온즈파크,"24,000",24000,90.90416666666667
2023/05/13,토,KT,롯데,수원,18700,수원,케이티위즈파크,"20,000",18700,100.0
2023/05/13,토,키움,NC,고척,6573,고척,고척스카이돔,"17,000",16000,41.081250000000004
2023/05/14,일,SSG,한화,문학,20757,문학,인천 SSG 랜더스필드,"23,000",23000,90.24782608695652
2023/05/14,일,두산,KIA,잠실,23750,잠실,서울종합운동장 야구장,"25,553",23750,100.0
2023/05/14,일,삼성,LG,대구,18569,대구,대구 삼성 라이온즈파크,"24,000",24000,77.37083333333334
2023/05/14,일,KT,롯데,수원,15470,수원,케이티위즈파크,"20,000",18700,82.72727272727273
2023/05/14,일,키움,NC,고척,5634,고척,고척스카이돔,"17,000",16000,35.212500000000006
2023/05/16,화,삼성,KIA,대구,9112,대구,대구 삼성 라이온즈파크,"24,000",24000,37.96666666666667
2023/05/16,화,LG,KT,잠실,8567,잠실,서울종합운동장 야구장,"25,553",23750,36.07157894736842
2023/05/16,화,한화,롯데,대전,6138,대전,한화생명 이글스 파크,"13,000",12000,51.15
2023/05/16,화,키움,두산,고척,5662,고척,고척스카이돔,"17,000",16000,35.3875
2023/05/16,화,NC,SSG,창원,4113,창원,창원NC파크,"22,112",17891,22.989212453188753
2023/05/17,수,삼성,KIA,대구,10979,대구,대구 삼성 라이온즈파크,"24,000",24000,45.74583333333334
2023/05/17,수,LG,KT,잠실,9838,잠실,서울종합운동장 야구장,"25,553",23750,41.42315789473684
2023/05/17,수,한화,롯데,대전,6269,대전,한화생명 이글스 파크,"13,000",12000,52.24166666666667
2023/05/17,수,키움,두산,고척,5232,고척,고척스카이돔,"17,000",16000,32.7
2023/05/17,수,NC,SSG,창원,4344,창원,창원NC파크,"22,112",17891,24.280364429042535
2023/05/18,목,LG,KT,잠실,9155,잠실,서울종합운동장 야구장,"25,553",23750,38.54736842105263
2023/05/18,목,한화,롯데,대전,6116,대전,한화생명 이글스 파크,"13,000",12000,50.96666666666667
2023/05/18,목,키움,두산,고척,5742,고척,고척스카이돔,"17,000",16000,35.8875
2023/05/19,금,LG,한화,잠실,19798,잠실,서울종합운동장 야구장,"25,553",23750,83.36
2023/05/19,금,KT,두산,수원,6817,수원,케이티위즈파크,"20,000",18700,36.45454545454545
2023/05/19,금,롯데,SSG,사직,19011,사직,사직야구장,"22,990",22758,83.53546005800159
2023/05/19,금,NC,삼성,창원,8493,창원,창원NC파크,"22,112",17891,47.47079537197473
2023/05/19,금,KIA,키움,광주,11290,광주,광주-KIA 챔피언스 필드,"20,500",20500,55.07317073170732
2023/05/20,토,LG,한화,잠실,23750,잠실,서울종합운동장 야구장,"25,553",23750,100.0
2023/05/20,토,KT,두산,수원,13253,수원,케이티위즈파크,"20,000",18700,70.8716577540107
2023/05/20,토,롯데,SSG,사직,22990,사직,사직야구장,"22,990",22758,101.01942174180508
2023/05/20,토,NC,삼성,창원,14870,창원,창원NC파크,"22,112",17891,83.11441506902912
2023/05/20,토,KIA,키움,광주,19030,광주,광주-KIA 챔피언스 필드,"20,500",20500,92.82926829268293
2023/05/21,일,LG,한화,잠실,22054,잠실,서울종합운동장 야구장,"25,553",23750,92.85894736842106
2023/05/21,일,KT,두산,수원,10521,수원,케이티위즈파크,"20,000",18700,56.2620320855615
2023/05/21,일,롯데,SSG,사직,22990,사직,사직야구장,"22,990",22758,101.01942174180508
2023/05/21,일,NC,삼성,창원,10910,창원,창원NC파크,"22,112",17891,60.98038119725001
2023/05/21,일,KIA,키움,광주,14617,광주,광주-KIA 챔피언스 필드,"20,500",20500,71.30243902439024
2023/05/23,화,한화,KIA,대전,6376,대전,한화생명 이글스 파크,"13,000",12000,53.13333333333333
2023/05/23,화,SSG,LG,문학,12508,문학,인천 SSG 랜더스필드,"23,000",23000,54.38260869565218
2023/05/23,화,롯데,NC,사직,15047,사직,사직야구장,"22,990",22758,66.11740926267686
2023/05/23,화,두산,삼성,잠실,10733,잠실,서울종합운동장 야구장,"25,553",23750,45.19157894736842
2023/05/23,화,KT,키움,수원,4203,수원,케이티위즈파크,"20,000",18700,22.475935828877006
2023/05/24,수,한화,KIA,대전,7004,대전,한화생명 이글스 파크,"13,000",12000,58.36666666666667
2023/05/24,수,SSG,LG,문학,16829,문학,인천 SSG 랜더스필드,"23,000",23000,73.16956521739131
2023/05/24,수,롯데,NC,사직,14244,사직,사직야구장,"22,990",22758,62.58897969944635
2023/05/24,수,두산,삼성,잠실,11108,잠실,서울종합운동장 야구장,"25,553",23750,46.770526315789475
2023/05/24,수,KT,키움,수원,5173,수원,케이티위즈파크,"20,000",18700,27.663101604278072
2023/05/25,목,한화,KIA,대전,8186,대전,한화생명 이글스 파크,"13,000",12000,68.21666666666667
2023/05/25,목,SSG,LG,문학,17575,문학,인천 SSG 랜더스필드,"23,000",23000,76.41304347826086
2023/05/25,목,롯데,NC,사직,15221,사직,사직야구장,"22,990",22758,66.88197556903067
2023/05/25,목,두산,삼성,잠실,11005,잠실,서울종합운동장 야구장,"25,553",23750,46.33684210526316
2023/05/25,목,KT,키움,수원,5235,수원,케이티위즈파크,"20,000",18700,27.994652406417114
2023/05/26,금,NC,한화,창원,5952,창원,창원NC파크,"22,112",17891,33.268123637583145
2023/05/26,금,삼성,KT,대구,12874,대구,대구 삼성 라이온즈파크,"24,000",24000,53.641666666666666
2023/05/26,금,KIA,LG,광주,10954,광주,광주-KIA 챔피언스 필드,"20,500",20500,53.43414634146342
2023/05/26,금,키움,롯데,고척,11692,고척,고척스카이돔,"17,000",16000,73.075
2023/05/26,금,두산,SSG,잠실,10428,잠실,서울종합운동장 야구장,"25,553",23750,43.90736842105263
2023/05/27,토,NC,한화,창원,9558,창원,창원NC파크,"22,112",17891,53.42350902688503
2023/05/27,토,삼성,KT,대구,17305,대구,대구 삼성 라이온즈파크,"24,000",24000,72.10416666666667
2023/05/27,토,KIA,LG,광주,17931,광주,광주-KIA 챔피언스 필드,"20,500",20500,87.46829268292683
2023/05/27,토,키움,롯데,고척,16000,고척,고척스카이돔,"17,000",16000,100.0
2023/05/28,일,삼성,KT,대구,14523,대구,대구 삼성 라이온즈파크,"24,000",24000,60.5125
2023/05/28,일,KIA,LG,광주,17015,광주,광주-KIA 챔피언스 필드,"20,500",20500,83.0
2023/05/28,일,키움,롯데,고척,16000,고척,고척스카이돔,"17,000",16000,100.0
2023/05/30,화,KIA,KT,광주,5352,광주,광주-KIA 챔피언스 필드,"20,500",20500,26.107317073170734
2023/05/30,화,LG,롯데,잠실,20330,잠실,서울종합운동장 야구장,"25,553",23750,85.6
2023/05/30,화,NC,두산,창원,3180,창원,창원NC파크,"22,112",17891,17.774299927337765
2023/05/30,화,SSG,삼성,문학,10232,문학,인천 SSG 랜더스필드,"23,000",23000,44.48695652173913
2023/05/30,화,한화,키움,대전,4486,대전,한화생명 이글스 파크,"13,000",12000,37.38333333333333
2023/05/31,수,KIA,KT,광주,7244,광주,광주-KIA 챔피언스 필드,"20,500",20500,35.33658536585366
2023/05/31,수,LG,롯데,잠실,21269,잠실,서울종합운동장 야구장,"25,553",23750,89.55368421052631
2023/05/31,수,NC,두산,창원,4180,창원,창원NC파크,"22,112",17891,23.36370242021128
2023/05/31,수,SSG,삼성,문학,10745,문학,인천 SSG 랜더스필드,"23,000",23000,46.71739130434783
2023/05/31,수,한화,키움,대전,4384,대전,한화생명 이글스 파크,"13,000",12000,36.53333333333333
2023/06/01,목,LG,롯데,잠실,22020,잠실,서울종합운동장 야구장,"25,553",23750,92.71578947368421
2023/06/01,목,SSG,삼성,문학,9028,문학,인천 SSG 랜더스필드,"23,000",23000,39.25217391304348
2023/06/01,목,한화,키움,대전,5040,대전,한화생명 이글스 파크,"13,000",12000,42.0
2023/06/02,금,롯데,KIA,사직,18996,사직,사직야구장,"22,990",22758,83.46954916952281
2023/06/02,금,LG,NC,잠실,10238,잠실,서울종합운동장 야구장,"25,553",23750,43.107368421052634
2023/06/02,금,KT,두산,수원,5157,수원,케이티위즈파크,"20,000",18700,27.57754010695187
2023/06/02,금,한화,삼성,대전,6675,대전,한화생명 이글스 파크,"13,000",12000,55.625
2023/06/02,금,SSG,키움,문학,12533,문학,인천 SSG 랜더스필드,"23,000",23000,54.49130434782609
2023/06/03,토,롯데,KIA,사직,22990,사직,사직야구장,"22,990",22758,101.01942174180508
2023/06/03,토,LG,NC,잠실,18890,잠실,서울종합운동장 야구장,"25,553",23750,79.53684210526316
2023/06/03,토,KT,두산,수원,12155,수원,케이티위즈파크,"20,000",18700,65.0
2023/06/03,토,한화,삼성,대전,12000,대전,한화생명 이글스 파크,"13,000",12000,100.0
2023/06/03,토,SSG,키움,문학,19071,문학,인천 SSG 랜더스필드,"23,000",23000,82.91739130434782
2023/06/04,일,롯데,KIA,사직,22990,사직,사직야구장,"22,990",22758,101.01942174180508
2023/06/04,일,LG,NC,잠실,15096,잠실,서울종합운동장 야구장,"25,553",23750,63.562105263157896
2023/06/04,일,KT,두산,수원,10239,수원,케이티위즈파크,"20,000",18700,54.75401069518716
2023/06/04,일,한화,삼성,대전,12000,대전,한화생명 이글스 파크,"13,000",12000,100.0
2023/06/04,일,SSG,키움,문학,17007,문학,인천 SSG 랜더스필드,"23,000",23000,73.94347826086957
2023/06/06,화,두산,한화,잠실,21146,잠실,서울종합운동장 야구장,"25,553",23750,89.03578947368422
2023/06/06,화,롯데,KT,사직,20441,사직,사직야구장,"22,990",22758,89.81896475964496
2023/06/06,화,키움,LG,고척,14903,고척,고척스카이돔,"17,000",16000,93.14375
2023/06/06,화,삼성,NC,대구,14639,대구,대구 삼성 라이온즈파크,"24,000",24000,60.99583333333334
2023/06/06,화,KIA,SSG,광주,15130,광주,광주-KIA 챔피언스 필드,"20,500",20500,73.80487804878048
2023/06/07,수,두산,한화,잠실,8497,잠실,서울종합운동장 야구장,"25,553",23750,35.77684210526316
2023/06/07,수,롯데,KT,사직,10066,사직,사직야구장,"22,990",22758,44.23060022849108
2023/06/07,수,키움,LG,고척,5390,고척,고척스카이돔,"17,000",16000,33.6875
2023/06/07,수,삼성,NC,대구,7119,대구,대구 삼성 라이온즈파크,"24,000",24000,29.6625
2023/06/07,수,KIA,SSG,광주,7569,광주,광주-KIA 챔피언스 필드,"20,500",20500,36.921951219512195
2023/06/08,목,두산,한화,잠실,8509,잠실,서울종합운동장 야구장,"25,553",23750,35.82736842105263
2023/06/08,목,롯데,KT,사직,10504,사직,사직야구장,"22,990",22758,46.15519817207136
2023/06/08,목,키움,LG,고척,6076,고척,고척스카이돔,"17,000",16000,37.974999999999994
2023/06/08,목,삼성,NC,대구,5989,대구,대구 삼성 라이온즈파크,"24,000",24000,24.954166666666666
2023/06/08,목,KIA,SSG,광주,6646,광주,광주-KIA 챔피언스 필드,"20,500",20500,32.41951219512195
2023/06/09,금,두산,KIA,잠실,16250,잠실,서울종합운동장 야구장,"25,553",23750,68.42105263157895
2023/06/09,금,한화,LG,대전,6005,대전,한화생명 이글스 파크,"13,000",12000,50.041666666666664
2023/06/09,금,삼성,롯데,대구,15893,대구,대구 삼성 라이온즈파크,"24,000",24000,66.22083333333333
2023/06/09,금,NC,SSG,창원,5110,창원,창원NC파크,"22,112",17891,28.561846738583647
2023/06/09,금,KT,키움,수원,5033,수원,케이티위즈파크,"20,000",18700,26.9144385026738
2023/06/10,토,두산,KIA,잠실,22233,잠실,서울종합운동장 야구장,"25,553",23750,93.61263157894737
2023/06/10,토,한화,LG,대전,11072,대전,한화생명 이글스 파크,"13,000",12000,92.26666666666667
2023/06/10,토,삼성,롯데,대구,24000,대구,대구 삼성 라이온즈파크,"24,000",24000,100.0
2023/06/10,토,NC,SSG,창원,11026,창원,창원NC파크,"22,112",17891,61.62875188642334
2023/06/10,토,KT,키움,수원,9622,수원,케이티위즈파크,"20,000",18700,51.45454545454545
2023/06/11,일,두산,KIA,잠실,18623,잠실,서울종합운동장 야구장,"25,553",23750,78.41263157894737
2023/06/11,일,한화,LG,대전,7601,대전,한화생명 이글스 파크,"13,000",12000,63.34166666666666
2023/06/11,일,삼성,롯데,대구,18496,대구,대구 삼성 라이온즈파크,"24,000",24000,77.06666666666668
2023/06/11,일,NC,SSG,창원,7210,창원,창원NC파크,"22,112",17891,40.29959197361802
2023/06/11,일,KT,키움,수원,6806,수원,케이티위즈파크,"20,000",18700,36.39572192513369
2023/06/13,화,롯데,한화,사직,16007,사직,사직야구장,"22,990",22758,70.33570612531857
2023/06/13,화,키움,KIA,고척,7834,고척,고척스카이돔,"17,000",16000,48.9625
2023/06/13,화,SSG,KT,문학,6568,문학,인천 SSG 랜더스필드,"23,000",23000,28.556521739130435
2023/06/13,화,NC,두산,창원,3699,창원,창원NC파크,"22,112",17891,20.67519982113912
2023/06/13,화,LG,삼성,잠실,11103,잠실,서울종합운동장 야구장,"25,553",23750,46.74947368421052
2023/06/14,수,롯데,한화,사직,10803,사직,사직야구장,"22,990",22758,47.46902188241498
2023/06/14,수,키움,KIA,고척,8016,고척,고척스카이돔,"17,000",16000,50.1
2023/06/14,수,SSG,KT,문학,6579,문학,인천 SSG 랜더스필드,"23,000",23000,28.604347826086958
2023/06/14,수,NC,두산,창원,3154,창원,창원NC파크,"22,112",17891,17.628975462523055
2023/06/14,수,LG,삼성,잠실,11725,잠실,서울종합운동장 야구장,"25,553",23750,49.368421052631575
2023/06/15,목,롯데,한화,사직,12594,사직,사직야구장,"22,990",22758,55.338781966780914
2023/06/15,목,키움,KIA,고척,8528,고척,고척스카이돔,"17,000",16000,53.300000000000004
2023/06/15,목,SSG,KT,문학,6736,문학,인천 SSG 랜더스필드,"23,000",23000,29.286956521739132
2023/06/15,목,NC,두산,창원,3633,창원,창원NC파크,"22,112",17891,20.30629925660947
2023/06/15,목,LG,삼성,잠실,12023,잠실,서울종합운동장 야구장,"25,553",23750,50.623157894736835
2023/06/16,금,SSG,롯데,문학,18013,문학,인천 SSG 랜더스필드,"23,000",23000,78.31739130434782
2023/06/16,금,KIA,NC,광주,10170,광주,광주-KIA 챔피언스 필드,"20,500",20500,49.609756097560975
2023/06/16,금,LG,두산,잠실,18826,잠실,서울종합운동장 야구장,"25,553",23750,79.26736842105264
2023/06/16,금,KT,삼성,수원,6998,수원,케이티위즈파크,"20,000",18700,37.42245989304813
2023/06/16,금,한화,키움,대전,7005,대전,한화생명 이글스 파크,"13,000",12000,58.375
2023/06/17,토,SSG,롯데,문학,23000,문학,인천 SSG 랜더스필드,"23,000",23000,100.0
2023/06/17,토,KIA,NC,광주,15992,광주,광주-KIA 챔피언스 필드,"20,500",20500,78.00975609756098
2023/06/17,토,LG,두산,잠실,22878,잠실,서울종합운동장 야구장,"25,553",23750,96.32842105263157
2023/06/17,토,KT,삼성,수원,14935,수원,케이티위즈파크,"20,000",18700,79.86631016042782
2023/06/17,토,한화,키움,대전,11008,대전,한화생명 이글스 파크,"13,000",12000,91.73333333333333
2023/06/18,일,SSG,롯데,문학,19156,문학,인천 SSG 랜더스필드,"23,000",23000,83.28695652173913
2023/06/18,일,KIA,NC,광주,13967,광주,광주-KIA 챔피언스 필드,"20,500",20500,68.13170731707318
2023/06/18,일,LG,두산,잠실,19038,잠실,서울종합운동장 야구장,"25,553",23750,80.16
2023/06/18,일,KT,삼성,수원,10137,수원,케이티위즈파크,"20,000",18700,54.20855614973262
2023/06/18,일,한화,키움,대전,8163,대전,한화생명 이글스 파크,"13,000",12000,68.025
2023/06/20,화,한화,KIA,대전,5451,대전,한화생명 이글스 파크,"13,000",12000,45.425
2023/06/20,화,NC,LG,창원,3433,창원,창원NC파크,"22,112",17891,19.188418758034768
2023/06/20,화,KT,롯데,수원,5773,수원,케이티위즈파크,"20,000",18700,30.871657754010695
2023/06/20,화,두산,SSG,잠실,6186,잠실,서울종합운동장 야구장,"25,553",23750,26.046315789473685
2023/06/20,화,삼성,키움,대구,7667,대구,대구 삼성 라이온즈파크,"24,000",24000,31.945833333333333
2023/06/21,수,한화,KIA,대전,5207,대전,한화생명 이글스 파크,"13,000",12000,43.391666666666666
2023/06/21,수,NC,LG,창원,3571,창원,창원NC파크,"22,112",17891,19.95975630205131
2023/06/21,수,KT,롯데,수원,6024,수원,케이티위즈파크,"20,000",18700,32.213903743315505
2023/06/21,수,두산,SSG,잠실,5473,잠실,서울종합운동장 야구장,"25,553",23750,23.04421052631579
2023/06/21,수,삼성,키움,대구,7453,대구,대구 삼성 라이온즈파크,"24,000",24000,31.054166666666667
2023/06/22,목,한화,KIA,대전,7675,대전,한화생명 이글스 파크,"13,000",12000,63.95833333333333
2023/06/22,목,NC,LG,창원,4997,창원,창원NC파크,"22,112",17891,27.930244256888937
2023/06/22,목,KT,롯데,수원,7861,수원,케이티위즈파크,"20,000",18700,42.03743315508021
2023/06/22,목,두산,SSG,잠실,7291,잠실,서울종합운동장 야구장,"25,553",23750,30.698947368421052
2023/06/22,목,삼성,키움,대구,10176,대구,대구 삼성 라이온즈파크,"24,000",24000,42.4
2023/06/23,금,NC,한화,창원,6376,창원,창원NC파크,"22,112",17891,35.63803029456151
2023/06/23,금,KIA,KT,광주,9018,광주,광주-KIA 챔피언스 필드,"20,500",20500,43.990243902439026
2023/06/23,금,LG,롯데,잠실,21089,잠실,서울종합운동장 야구장,"25,553",23750,88.79578947368421
2023/06/23,금,키움,두산,고척,7316,고척,고척스카이돔,"17,000",16000,45.725
2023/06/23,금,SSG,삼성,문학,12744,문학,인천 SSG 랜더스필드,"23,000",23000,55.40869565217391
2023/06/24,토,NC,한화,창원,13791,창원,창원NC파크,"22,112",17891,77.08344977921861
2023/06/24,토,KIA,KT,광주,14043,광주,광주-KIA 챔피언스 필드,"20,500",20500,68.50243902439026
2023/06/24,토,LG,롯데,잠실,23750,잠실,서울종합운동장 야구장,"25,553",23750,100.0
2023/06/24,토,키움,두산,고척,11717,고척,고척스카이돔,"17,000",16000,73.23125
2023/06/24,토,SSG,삼성,문학,20062,문학,인천 SSG 랜더스필드,"23,000",23000,87.22608695652174
2023/06/25,일,LG,롯데,잠실,20846,잠실,서울종합운동장 야구장,"25,553",23750,87.77263157894737
2023/06/25,일,키움,두산,고척,9549,고척,고척스카이돔,"17,000",16000,59.68125
2023/06/25,일,SSG,삼성,문학,14722,문학,인천 SSG 랜더스필드,"23,000",23000,64.00869565217391
2023/06/27,화,한화,KT,대전,4625,대전,한화생명 이글스 파크,"13,000",12000,38.54166666666667
2023/06/27,화,SSG,LG,문학,12244,문학,인천 SSG 랜더스필드,"23,000",23000,53.23478260869565
2023/06/27,화,두산,NC,잠실,5302,잠실,서울종합운동장 야구장,"25,553",23750,22.32421052631579
2023/06/27,화,롯데,삼성,사직,11654,사직,사직야구장,"22,990",22758,51.208366288777576
2023/06/27,화,KIA,키움,광주,5349,광주,광주-KIA 챔피언스 필드,"20,500",20500,26.09268292682927
2023/06/28,수,한화,KT,대전,5007,대전,한화생명 이글스 파크,"13,000",12000,41.725
2023/06/28,수,SSG,LG,문학,11045,문학,인천 SSG 랜더스필드,"23,000",23000,48.02173913043478
2023/06/28,수,두산,NC,잠실,5400,잠실,서울종합운동장 야구장,"25,553",23750,22.736842105263158
2023/06/28,수,롯데,삼성,사직,13787,사직,사직야구장,"22,990",22758,60.58089463045961
2023/06/28,수,KIA,키움,광주,4816,광주,광주-KIA 챔피언스 필드,"20,500",20500,23.492682926829268
2023/06/30,금,삼성,한화,대구,8114,대구,대구 삼성 라이온즈파크,"24,000",24000,33.80833333333334
2023/06/30,금,LG,KIA,잠실,20568,잠실,서울종합운동장 야구장,"25,553",23750,86.6021052631579
2023/06/30,금,KT,NC,수원,4596,수원,케이티위즈파크,"20,000",18700,24.577540106951872
2023/06/30,금,롯데,두산,울산,6894,울산,울산문수야구장,"12,088",12059,57.16891947922713
2023/06/30,금,키움,SSG,고척,7164,고척,고척스카이돔,"17,000",16000,44.775
2023/07/01,토,삼성,한화,대구,18151,대구,대구 삼성 라이온즈파크,"24,000",24000,75.62916666666666
2023/07/01,토,LG,KIA,잠실,23750,잠실,서울종합운동장 야구장,"25,553",23750,100.0
2023/07/01,토,KT,NC,수원,9551,수원,케이티위즈파크,"20,000",18700,51.07486631016043
2023/07/01,토,롯데,두산,울산,10013,울산,울산문수야구장,"12,088",12059,83.03341902313625
2023/07/01,토,키움,SSG,고척,10836,고척,고척스카이돔,"17,000",16000,67.72500000000001
2023/07/02,일,삼성,한화,대구,12395,대구,대구 삼성 라이온즈파크,"24,000",24000,51.645833333333336
2023/07/02,일,LG,KIA,잠실,20959,잠실,서울종합운동장 야구장,"25,553",23750,88.24842105263157
2023/07/02,일,KT,NC,수원,5406,수원,케이티위즈파크,"20,000",18700,28.909090909090907
2023/07/02,일,롯데,두산,울산,7588,울산,울산문수야구장,"12,088",12059,62.923957210382284
2023/07/02,일,키움,SSG,고척,9512,고척,고척스카이돔,"17,000",16000,59.45
2023/07/04,화,키움,NC,고척,4474,고척,고척스카이돔,"17,000",16000,27.962500000000002
2023/07/05,수,SSG,KIA,문학,13025,문학,인천 SSG 랜더스필드,"23,000",23000,56.630434782608695
2023/07/05,수,LG,KT,잠실,9707,잠실,서울종합운동장 야구장,"25,553",23750,40.87157894736842
2023/07/05,수,한화,롯데,대전,7760,대전,한화생명 이글스 파크,"13,000",12000,64.66666666666666
2023/07/05,수,키움,NC,고척,4027,고척,고척스카이돔,"17,000",16000,25.16875
2023/07/06,목,SSG,KIA,문학,17513,문학,인천 SSG 랜더스필드,"23,000",23000,76.14347826086957
2023/07/06,목,LG,KT,잠실,10736,잠실,서울종합운동장 야구장,"25,553",23750,45.20421052631579
2023/07/06,목,한화,롯데,대전,10061,대전,한화생명 이글스 파크,"13,000",12000,83.84166666666667
2023/07/06,목,키움,NC,고척,4013,고척,고척스카이돔,"17,000",16000,25.08125
2023/07/07,금,KT,KIA,수원,16315,수원,케이티위즈파크,"20,000",18700,87.24598930481284
2023/07/07,금,두산,키움,잠실,14123,잠실,서울종합운동장 야구장,"25,553",23750,59.46526315789473
2023/07/08,토,KT,KIA,수원,18700,수원,케이티위즈파크,"20,000",18700,100.0
2023/07/08,토,롯데,LG,사직,19496,사직,사직야구장,"22,990",22758,85.66657878548203
2023/07/08,토,한화,SSG,대전,12000,대전,한화생명 이글스 파크,"13,000",12000,100.0
2023/07/08,토,NC,삼성,창원,12462,창원,창원NC파크,"22,112",17891,69.6551338661897
2023/07/08,토,두산,키움,잠실,19676,잠실,서울종합운동장 야구장,"25,553",23750,82.84631578947368
2023/07/09,일,KT,KIA,수원,18700,수원,케이티위즈파크,"20,000",18700,100.0
2023/07/09,일,롯데,LG,사직,15860,사직,사직야구장,"22,990",22758,69.68977941822656
2023/07/09,일,한화,SSG,대전,10168,대전,한화생명 이글스 파크,"13,000",12000,84.73333333333333
2023/07/09,일,NC,삼성,창원,8522,창원,창원NC파크,"22,112",17891,47.63288804426807
2023/07/09,일,두산,키움,잠실,11472,잠실,서울종합운동장 야구장,"25,553",23750,48.30315789473684
2023/07/11,화,키움,KT,고척,4217,고척,고척스카이돔,"17,000",16000,26.35625
2023/07/12,수,LG,한화,잠실,17812,잠실,서울종합운동장 야구장,"25,553",23750,74.99789473684211
2023/07/12,수,키움,KT,고척,3890,고척,고척스카이돔,"17,000",16000,24.3125
2023/07/12,수,NC,롯데,창원,13074,창원,창원NC파크,"22,112",17891,73.0758481918283
2023/07/12,수,SSG,두산,문학,19699,문학,인천 SSG 랜더스필드,"23,000",23000,85.64782608695653
2023/07/12,수,KIA,삼성,광주,8470,광주,광주-KIA 챔피언스 필드,"20,500",20500,41.3170731707317
2023/07/13,목,키움,KT,고척,4520,고척,고척스카이돔,"17,000",16000,28.249999999999996
2023/07/13,목,NC,롯데,창원,10316,창원,창원NC파크,"22,112",17891,57.660276116483146
2023/07/13,목,KIA,삼성,광주,7085,광주,광주-KIA 챔피언스 필드,"20,500",20500,34.56097560975609
2023/07/21,금,삼성,KT,대구,7833,대구,대구 삼성 라이온즈파크,"24,000",24000,32.6375
2023/07/21,금,한화,NC,대전,8475,대전,한화생명 이글스 파크,"13,000",12000,70.625
2023/07/21,금,KIA,두산,광주,9779,광주,광주-KIA 챔피언스 필드,"20,500",20500,47.702439024390245
2023/07/21,금,LG,SSG,잠실,17524,잠실,서울종합운동장 야구장,"25,553",23750,73.78526315789473
2023/07/21,금,롯데,키움,사직,13431,사직,사직야구장,"22,990",22758,59.01660954389665
2023/07/22,토,삼성,KT,대구,10356,대구,대구 삼성 라이온즈파크,"24,000",24000,43.15
2023/07/22,토,한화,NC,대전,10021,대전,한화생명 이글스 파크,"13,000",12000,83.50833333333333
2023/07/22,토,롯데,키움,사직,14266,사직,사직야구장,"22,990",22758,62.68564900254855
2023/07/23,일,삼성,KT,대구,8613,대구,대구 삼성 라이온즈파크,"24,000",24000,35.8875
2023/07/23,일,롯데,키움,사직,11470,사직,사직야구장,"22,990",22758,50.399859390104574
2023/07/25,화,키움,한화,고척,9886,고척,고척스카이돔,"17,000",16000,61.787499999999994
2023/07/25,화,NC,KIA,창원,5668,창원,창원NC파크,"22,112",17891,31.680733329607065
2023/07/25,화,KT,LG,수원,7948,수원,케이티위즈파크,"20,000",18700,42.50267379679145
2023/07/25,화,두산,롯데,잠실,12700,잠실,서울종합운동장 야구장,"25,553",23750,53.473684210526315
2023/07/25,화,삼성,SSG,대구,5557,대구,대구 삼성 라이온즈파크,"24,000",24000,23.15416666666667
2023/07/26,수,키움,한화,고척,11324,고척,고척스카이돔,"17,000",16000,70.775
2023/07/26,수,NC,KIA,창원,6325,창원,창원NC파크,"22,112",17891,35.352970767424964
2023/07/26,수,KT,LG,수원,8134,수원,케이티위즈파크,"20,000",18700,43.49732620320856
2023/07/26,수,두산,롯데,잠실,13620,잠실,서울종합운동장 야구장,"25,553",23750,57.347368421052636
2023/07/26,수,삼성,SSG,대구,6955,대구,대구 삼성 라이온즈파크,"24,000",24000,28.979166666666668
2023/07/27,목,키움,한화,고척,11650,고척,고척스카이돔,"17,000",16000,72.8125
2023/07/27,목,NC,KIA,창원,7279,창원,창원NC파크,"22,112",17891,40.685260745626294
2023/07/27,목,KT,LG,수원,8413,수원,케이티위즈파크,"20,000",18700,44.98930481283423
2023/07/27,목,두산,롯데,잠실,12511,잠실,서울종합운동장 야구장,"25,553",23750,52.6778947368421
2023/07/27,목,삼성,SSG,대구,7663,대구,대구 삼성 라이온즈파크,"24,000",24000,31.929166666666664
2023/07/28,금,SSG,한화,문학,14386,문학,인천 SSG 랜더스필드,"23,000",23000,62.547826086956526
2023/07/28,금,NC,KT,창원,4676,창원,창원NC파크,"22,112",17891,26.13604605667654
2023/07/28,금,두산,LG,잠실,16987,잠실,서울종합운동장 야구장,"25,553",23750,71.52421052631578
2023/07/28,금,KIA,롯데,광주,10295,광주,광주-KIA 챔피언스 필드,"20,500",20500,50.21951219512195
2023/07/28,금,키움,삼성,고척,7755,고척,고척스카이돔,"17,000",16000,48.46875
2023/07/29,토,SSG,한화,문학,21344,문학,인천 SSG 랜더스필드,"23,000",23000,92.80000000000001
2023/07/29,토,NC,KT,창원,8309,창원,창원NC파크,"22,112",17891,46.44234531328601
2023/07/29,토,두산,LG,잠실,21126,잠실,서울종합운동장 야구장,"25,553",23750,88.95157894736843
2023/07/29,토,KIA,롯데,광주,14754,광주,광주-KIA 챔피언스 필드,"20,500",20500,71.97073170731707
2023/07/29,토,키움,삼성,고척,11851,고척,고척스카이돔,"17,000",16000,74.06875000000001
2023/07/30,일,SSG,한화,문학,18158,문학,인천 SSG 랜더스필드,"23,000",23000,78.94782608695652
2023/07/30,일,NC,KT,창원,6181,창원,창원NC파크,"22,112",17891,34.54809680845118
2023/07/30,일,두산,LG,잠실,19500,잠실,서울종합운동장 야구장,"25,553",23750,82.10526315789474
2023/07/30,일,KIA,롯데,광주,11796,광주,광주-KIA 챔피언스 필드,"20,500",20500,57.541463414634144
2023/07/30,일,키움,삼성,고척,11235,고척,고척스카이돔,"17,000",16000,70.21875
2023/08/01,화,롯데,NC,사직,13326,사직,사직야구장,"22,990",22758,58.55523332454522
2023/08/01,화,한화,두산,대전,10225,대전,한화생명 이글스 파크,"13,000",12000,85.20833333333333
2023/08/01,화,KT,SSG,수원,7831,수원,케이티위즈파크,"20,000",18700,41.87700534759358
2023/08/01,화,LG,키움,잠실,12159,잠실,서울종합운동장 야구장,"25,553",23750,51.19578947368421
2023/08/02,수,롯데,NC,사직,11444,사직,사직야구장,"22,990",22758,50.2856138500747
2023/08/02,수,한화,두산,대전,9011,대전,한화생명 이글스 파크,"13,000",12000,75.09166666666667
2023/08/02,수,KT,SSG,수원,7780,수원,케이티위즈파크,"20,000",18700,41.60427807486631
2023/08/02,수,LG,키움,잠실,11740,잠실,서울종합운동장 야구장,"25,553",23750,49.43157894736842
2023/08/03,목,롯데,NC,사직,10162,사직,사직야구장,"22,990",22758,44.652429914755245
2023/08/03,목,한화,두산,대전,9024,대전,한화생명 이글스 파크,"13,000",12000,75.2
2023/08/03,목,KT,SSG,수원,7521,수원,케이티위즈파크,"20,000",18700,40.219251336898395
2023/08/03,목,LG,키움,잠실,12179,잠실,서울종합운동장 야구장,"25,553",23750,51.28
2023/08/04,금,KIA,한화,광주,11495,광주,광주-KIA 챔피언스 필드,"20,500",20500,56.07317073170732
2023/08/04,금,두산,KT,잠실,6358,잠실,서울종합운동장 야구장,"25,553",23750,26.77052631578947
2023/08/04,금,삼성,LG,대구,10856,대구,대구 삼성 라이온즈파크,"24,000",24000,45.233333333333334
2023/08/04,금,롯데,SSG,사직,8545,사직,사직야구장,"22,990",22758,37.54723613674312
2023/08/04,금,NC,키움,창원,5107,창원,창원NC파크,"22,112",17891,28.545078531105023
2023/08/05,토,KIA,한화,광주,13487,광주,광주-KIA 챔피언스 필드,"20,500",20500,65.79024390243903
2023/08/05,토,두산,KT,잠실,8847,잠실,서울종합운동장 야구장,"25,553",23750,37.25052631578947
2023/08/05,토,삼성,LG,대구,15879,대구,대구 삼성 라이온즈파크,"24,000",24000,66.16250000000001
2023/08/05,토,롯데,SSG,사직,10670,사직,사직야구장,"22,990",22758,46.88461200456982
2023/08/05,토,NC,키움,창원,8244,창원,창원NC파크,"22,112",17891,46.07903415124923
2023/08/06,일,KIA,한화,광주,10125,광주,광주-KIA 챔피언스 필드,"20,500",20500,49.390243902439025
2023/08/06,일,두산,KT,잠실,6744,잠실,서울종합운동장 야구장,"25,553",23750,28.395789473684214
2023/08/06,일,삼성,LG,대구,11446,대구,대구 삼성 라이온즈파크,"24,000",24000,47.69166666666666
2023/08/06,일,롯데,SSG,사직,8162,사직,사직야구장,"22,990",22758,35.86431145091836
2023/08/06,일,NC,키움,창원,6583,창원,창원NC파크,"22,112",17891,36.79503661058633
2023/08/08,화,KT,한화,수원,9704,수원,케이티위즈파크,"20,000",18700,51.893048128342244
2023/08/08,화,키움,롯데,고척,8376,고척,고척스카이돔,"17,000",16000,52.349999999999994
2023/08/08,화,SSG,NC,문학,8131,문학,인천 SSG 랜더스필드,"23,000",23000,35.35217391304348
2023/08/08,화,두산,삼성,잠실,8519,잠실,서울종합운동장 야구장,"25,553",23750,35.869473684210526
2023/08/09,수,KT,한화,수원,10099,수원,케이티위즈파크,"20,000",18700,54.00534759358288
2023/08/09,수,KIA,LG,광주,3700,광주,광주-KIA 챔피언스 필드,"20,500",20500,18.048780487804876
2023/08/09,수,키움,롯데,고척,7424,고척,고척스카이돔,"17,000",16000,46.400000000000006
2023/08/09,수,SSG,NC,문학,6473,문학,인천 SSG 랜더스필드,"23,000",23000,28.143478260869564
2023/08/09,수,두산,삼성,잠실,8344,잠실,서울종합운동장 야구장,"25,553",23750,35.13263157894737
2023/08/10,목,키움,롯데,고척,6240,고척,고척스카이돔,"17,000",16000,39.0
2023/08/11,금,롯데,KIA,사직,10118,사직,사직야구장,"22,990",22758,44.45909130855084
2023/08/11,금,KT,NC,수원,5969,수원,케이티위즈파크,"20,000",18700,31.919786096256686
2023/08/11,금,한화,두산,대전,7333,대전,한화생명 이글스 파크,"13,000",12000,61.108333333333334
2023/08/11,금,SSG,삼성,문학,7495,문학,인천 SSG 랜더스필드,"23,000",23000,32.58695652173913
2023/08/11,금,LG,키움,잠실,11910,잠실,서울종합운동장 야구장,"25,553",23750,50.14736842105263
2023/08/12,토,롯데,KIA,사직,16677,사직,사직야구장,"22,990",22758,73.27972581070394
2023/08/12,토,KT,NC,수원,10138,수원,케이티위즈파크,"20,000",18700,54.213903743315505
2023/08/12,토,한화,두산,대전,12000,대전,한화생명 이글스 파크,"13,000",12000,100.0
2023/08/12,토,SSG,삼성,문학,18055,문학,인천 SSG 랜더스필드,"23,000",23000,78.5
2023/08/12,토,LG,키움,잠실,17624,잠실,서울종합운동장 야구장,"25,553",23750,74.20631578947369
2023/08/13,일,롯데,KIA,사직,14325,사직,사직야구장,"22,990",22758,62.94489849723174
2023/08/13,일,KT,NC,수원,9736,수원,케이티위즈파크,"20,000",18700,52.06417112299465
2023/08/13,일,한화,두산,대전,11007,대전,한화생명 이글스 파크,"13,000",12000,91.725
2023/08/13,일,SSG,삼성,문학,16473,문학,인천 SSG 랜더스필드,"23,000",23000,71.62173913043478
2023/08/13,일,LG,키움,잠실,18279,잠실,서울종합운동장 야구장,"25,553",23750,76.9642105263158
2023/08/15,화,NC,한화,창원,10116,창원,창원NC파크,"22,112",17891,56.54239561790845
2023/08/15,화,두산,KT,잠실,11069,잠실,서울종합운동장 야구장,"25,553",23750,46.60631578947368
2023/08/15,화,삼성,LG,대구,14248,대구,대구 삼성 라이온즈파크,"24,000",24000,59.36666666666667
2023/08/15,화,롯데,SSG,사직,11871,사직,사직야구장,"22,990",22758,52.161877142103876
2023/08/15,화,KIA,키움,광주,11541,광주,광주-KIA 챔피언스 필드,"20,500",20500,56.29756097560975
2023/08/16,수,NC,한화,창원,5033,창원,창원NC파크,"22,112",17891,28.131462746632387
2023/08/16,수,두산,KT,잠실,5160,잠실,서울종합운동장 야구장,"25,553",23750,21.726315789473684
2023/08/16,수,삼성,LG,대구,7441,대구,대구 삼성 라이온즈파크,"24,000",24000,31.004166666666666
2023/08/16,수,롯데,SSG,사직,10542,사직,사직야구장,"22,990",22758,46.322172422884265
2023/08/16,수,KIA,키움,광주,7050,광주,광주-KIA 챔피언스 필드,"20,500",20500,34.390243902439025
2023/08/17,목,NC,한화,창원,4875,창원,창원NC파크,"22,112",17891,27.248337152758374
2023/08/17,목,두산,KT,잠실,4943,잠실,서울종합운동장 야구장,"25,553",23750,20.812631578947368
2023/08/17,목,삼성,LG,대구,7415,대구,대구 삼성 라이온즈파크,"24,000",24000,30.895833333333332
2023/08/17,목,롯데,SSG,사직,9843,사직,사직야구장,"22,990",22758,43.25072501977327
2023/08/17,목,KIA,키움,광주,6159,광주,광주-KIA 챔피언스 필드,"20,500",20500,30.04390243902439
2023/08/18,금,삼성,KIA,대구,10630,대구,대구 삼성 라이온즈파크,"24,000",24000,44.29166666666667
2023/08/18,금,한화,KT,대전,7003,대전,한화생명 이글스 파크,"13,000",12000,58.358333333333334
2023/08/18,금,SSG,LG,문학,14549,문학,인천 SSG 랜더스필드,"23,000",23000,63.256521739130434
2023/08/18,금,키움,롯데,고척,8817,고척,고척스카이돔,"17,000",16000,55.10625
2023/08/19,토,삼성,KIA,대구,17448,대구,대구 삼성 라이온즈파크,"24,000",24000,72.7
2023/08/19,토,한화,KT,대전,11606,대전,한화생명 이글스 파크,"13,000",12000,96.71666666666667
2023/08/19,토,SSG,LG,문학,23000,문학,인천 SSG 랜더스필드,"23,000",23000,100.0
2023/08/19,토,키움,롯데,고척,13423,고척,고척스카이돔,"17,000",16000,83.89375
2023/08/19,토,두산,NC,잠실,12240,잠실,서울종합운동장 야구장,"25,553",23750,51.53684210526316
2023/08/20,일,삼성,KIA,대구,12586,대구,대구 삼성 라이온즈파크,"24,000",24000,52.44166666666666
2023/08/20,일,한화,KT,대전,8762,대전,한화생명 이글스 파크,"13,000",12000,73.01666666666667
2023/08/20,일,SSG,LG,문학,18441,문학,인천 SSG 랜더스필드,"23,000",23000,80.17826086956522
2023/08/20,일,키움,롯데,고척,12545,고척,고척스카이돔,"17,000",16000,78.40625
2023/08/20,일,두산,NC,잠실,8286,잠실,서울종합운동장 야구장,"25,553",23750,34.88842105263158
2023/08/22,화,KT,KIA,수원,7916,수원,케이티위즈파크,"20,000",18700,42.33155080213904
2023/08/22,화,키움,두산,고척,6455,고척,고척스카이돔,"17,000",16000,40.34375
2023/08/22,화,한화,삼성,대전,5806,대전,한화생명 이글스 파크,"13,000",12000,48.38333333333333
2023/08/23,수,키움,두산,고척,6455,고척,고척스카이돔,"17,000",16000,40.34375
2023/08/24,목,KT,KIA,수원,9846,수원,케이티위즈파크,"20,000",18700,52.652406417112296
2023/08/24,목,LG,롯데,잠실,15547,잠실,서울종합운동장 야구장,"25,553",23750,65.46105263157894
2023/08/24,목,SSG,NC,문학,6683,문학,인천 SSG 랜더스필드,"23,000",23000,29.056521739130435
2023/08/24,목,키움,두산,고척,6819,고척,고척스카이돔,"17,000",16000,42.61875
2023/08/25,금,KIA,한화,광주,8457,광주,광주-KIA 챔피언스 필드,"20,500",20500,41.25365853658536
2023/08/25,금,롯데,KT,사직,10709,사직,사직야구장,"22,990",22758,47.055980314614644
2023/08/25,금,NC,LG,창원,9288,창원,창원NC파크,"22,112",17891,51.91437035380918
2023/08/25,금,두산,SSG,잠실,8363,잠실,서울종합운동장 야구장,"25,553",23750,35.21263157894737
2023/08/25,금,삼성,키움,대구,11135,대구,대구 삼성 라이온즈파크,"24,000",24000,46.39583333333333
2023/08/26,토,KIA,한화,광주,16812,광주,광주-KIA 챔피언스 필드,"20,500",20500,82.00975609756097
2023/08/26,토,롯데,KT,사직,15657,사직,사직야구장,"22,990",22758,68.79778539414711
2023/08/26,토,NC,LG,창원,13484,창원,창원NC파크,"22,112",17891,75.36750321390643
2023/08/26,토,두산,SSG,잠실,15101,잠실,서울종합운동장 야구장,"25,553",23750,63.58315789473684
2023/08/26,토,삼성,키움,대구,17586,대구,대구 삼성 라이온즈파크,"24,000",24000,73.275
2023/08/27,일,KIA,한화,광주,12627,광주,광주-KIA 챔피언스 필드,"20,500",20500,61.59512195121951
2023/08/27,일,롯데,KT,사직,10735,사직,사직야구장,"22,990",22758,47.17022585464452
2023/08/27,일,NC,LG,창원,8771,창원,창원NC파크,"22,112",17891,49.02464926499357
2023/08/27,일,두산,SSG,잠실,11300,잠실,서울종합운동장 야구장,"25,553",23750,47.578947368421055
2023/08/27,일,삼성,키움,대구,13461,대구,대구 삼성 라이온즈파크,"24,000",24000,56.0875
2023/08/30,수,SSG,키움,문학,7809,문학,인천 SSG 랜더스필드,"23,000",23000,33.952173913043474
2023/08/31,목,한화,롯데,대전,7179,대전,한화생명 이글스 파크,"13,000",12000,59.824999999999996
2023/08/31,목,KIA,NC,광주,7152,광주,광주-KIA 챔피언스 필드,"20,500",20500,34.887804878048776
2023/08/31,목,LG,두산,잠실,17859,잠실,서울종합운동장 야구장,"25,553",23750,75.19578947368421
2023/08/31,목,KT,삼성,수원,8071,수원,케이티위즈파크,"20,000",18700,43.16042780748663
2023/08/31,목,SSG,키움,문학,9780,문학,인천 SSG 랜더스필드,"23,000",23000,42.52173913043478
2023/09/01,금,LG,한화,잠실,20381,잠실,서울종합운동장 야구장,"25,553",23750,85.81473684210526
2023/09/01,금,SSG,KIA,문학,17281,문학,인천 SSG 랜더스필드,"23,000",23000,75.13478260869564
2023/09/01,금,키움,KT,고척,3746,고척,고척스카이돔,"17,000",16000,23.4125
2023/09/01,금,삼성,NC,대구,12843,대구,대구 삼성 라이온즈파크,"24,000",24000,53.512499999999996
2023/09/02,토,LG,한화,잠실,23574,잠실,서울종합운동장 야구장,"25,553",23750,99.25894736842106
2023/09/02,토,SSG,KIA,문학,23000,문학,인천 SSG 랜더스필드,"23,000",23000,100.0
2023/09/02,토,키움,KT,고척,6731,고척,고척스카이돔,"17,000",16000,42.06875
2023/09/02,토,삼성,NC,대구,20468,대구,대구 삼성 라이온즈파크,"24,000",24000,85.28333333333333
2023/09/03,일,LG,한화,잠실,22858,잠실,서울종합운동장 야구장,"25,553",23750,96.24421052631578
2023/09/03,일,SSG,KIA,문학,23000,문학,인천 SSG 랜더스필드,"23,000",23000,100.0
2023/09/03,일,키움,KT,고척,5778,고척,고척스카이돔,"17,000",16000,36.1125
2023/09/03,일,삼성,NC,대구,14601,대구,대구 삼성 라이온즈파크,"24,000",24000,60.8375
2023/09/03,일,롯데,두산,사직,11436,사직,사직야구장,"22,990",22758,50.25046137621935
2023/09/04,월,롯데,두산,사직,4621,사직,사직야구장,"22,990",22758,20.30494771069514
2023/09/05,화,KT,LG,수원,10153,수원,케이티위즈파크,"20,000",18700,54.294117647058826
2023/09/05,화,한화,SSG,대전,5124,대전,한화생명 이글스 파크,"13,000",12000,42.699999999999996
2023/09/05,화,롯데,삼성,울산,5999,울산,울산문수야구장,"12,088",12059,49.747076872045774
2023/09/05,화,NC,키움,창원,3511,창원,창원NC파크,"22,112",17891,19.6243921524789
2023/09/06,수,두산,KIA,잠실,20468,잠실,서울종합운동장 야구장,"25,553",23750,86.18105263157895
2023/09/06,수,KT,LG,수원,10075,수원,케이티위즈파크,"20,000",18700,53.87700534759359
2023/09/06,수,한화,SSG,대전,7213,대전,한화생명 이글스 파크,"13,000",12000,60.10833333333333
2023/09/06,수,롯데,삼성,울산,6380,울산,울산문수야구장,"12,088",12059,52.906542831080515
2023/09/06,수,NC,키움,창원,4269,창원,창원NC파크,"22,112",17891,23.861159242077022
2023/09/07,목,두산,KIA,잠실,21838,잠실,서울종합운동장 야구장,"25,553",23750,91.94947368421053
2023/09/07,목,KT,LG,수원,10799,수원,케이티위즈파크,"20,000",18700,57.74866310160428
2023/09/07,목,한화,SSG,대전,7236,대전,한화생명 이글스 파크,"13,000",12000,60.3
2023/09/07,목,롯데,삼성,울산,7156,울산,울산문수야구장,"12,088",12059,59.341570611161785
2023/09/07,목,NC,키움,창원,4780,창원,창원NC파크,"22,112",17891,26.717343915935388
2023/09/08,금,키움,한화,고척,7715,고척,고척스카이돔,"17,000",16000,48.21875
2023/09/08,금,KIA,LG,광주,12280,광주,광주-KIA 챔피언스 필드,"20,500",20500,59.90243902439024
2023/09/08,금,NC,롯데,창원,12684,창원,창원NC파크,"22,112",17891,70.89598121960763
2023/09/08,금,KT,SSG,수원,7200,수원,케이티위즈파크,"20,000",18700,38.50267379679144
2023/09/08,금,두산,삼성,잠실,15991,잠실,서울종합운동장 야구장,"25,553",23750,67.33052631578947
2023/09/09,토,키움,한화,고척,9962,고척,고척스카이돔,"17,000",16000,62.262499999999996
2023/09/09,토,키움,한화,고척,10028,고척,고척스카이돔,"17,000",16000,62.675000000000004
2023/09/09,토,KIA,LG,광주,11820,광주,광주-KIA 챔피언스 필드,"20,500",20500,57.65853658536585
2023/09/09,토,KIA,LG,광주,18462,광주,광주-KIA 챔피언스 필드,"20,500",20500,90.05853658536586
2023/09/09,토,NC,롯데,창원,10933,창원,창원NC파크,"22,112",17891,61.10893745458611
2023/09/09,토,NC,롯데,창원,17861,창원,창원NC파크,"22,112",17891,99.8323179252138
2023/09/09,토,KT,SSG,수원,13739,수원,케이티위즈파크,"20,000",18700,73.47058823529412
2023/09/09,토,두산,삼성,잠실,14279,잠실,서울종합운동장 야구장,"25,553",23750,60.1221052631579
2023/09/09,토,두산,삼성,잠실,21514,잠실,서울종합운동장 야구장,"25,553",23750,90.58526315789473
2023/09/10,일,키움,한화,고척,11313,고척,고척스카이돔,"17,000",16000,70.70625
2023/09/10,일,KIA,LG,광주,13948,광주,광주-KIA 챔피언스 필드,"20,500",20500,68.03902439024391
2023/09/10,일,NC,롯데,창원,13984,창원,창원NC파크,"22,112",17891,78.16220446034319
2023/09/10,일,KT,SSG,수원,11212,수원,케이티위즈파크,"20,000",18700,59.9572192513369
2023/09/10,일,두산,삼성,잠실,17467,잠실,서울종합운동장 야구장,"25,553",23750,73.54526315789474
2023/09/12,화,두산,한화,잠실,10169,잠실,서울종합운동장 야구장,"25,553",23750,42.816842105263156
2023/09/12,화,삼성,KIA,대구,9037,대구,대구 삼성 라이온즈파크,"24,000",24000,37.65416666666667
2023/09/12,화,SSG,KT,문학,10309,문학,인천 SSG 랜더스필드,"23,000",23000,44.821739130434786
2023/09/12,화,롯데,NC,사직,8202,사직,사직야구장,"22,990",22758,36.0400738201951
2023/09/13,수,NC,KT,창원,3919,창원,창원NC파크,"22,112",17891,21.904868369571293
2023/09/13,수,KIA,롯데,광주,6323,광주,광주-KIA 챔피언스 필드,"20,500",20500,30.84390243902439
2023/09/14,목,삼성,KT,대구,6850,대구,대구 삼성 라이온즈파크,"24,000",24000,28.541666666666664
2023/09/14,목,두산,SSG,잠실,7257,잠실,서울종합운동장 야구장,"25,553",23750,30.555789473684207
2023/09/15,금,한화,LG,대전,5724,대전,한화생명 이글스 파크,"13,000",12000,47.699999999999996
2023/09/15,금,KIA,두산,광주,7350,광주,광주-KIA 챔피언스 필드,"20,500",20500,35.853658536585364
2023/09/15,금,NC,삼성,창원,4129,창원,창원NC파크,"22,112",17891,23.07864289307473
2023/09/15,금,롯데,키움,사직,6409,사직,사직야구장,"22,990",22758,28.161525617365324
2023/09/16,토,LG,SSG,잠실,18576,잠실,서울종합운동장 야구장,"25,553",23750,78.21473684210525
2023/09/17,일,한화,KT,대전,7406,대전,한화생명 이글스 파크,"13,000",12000,61.71666666666666
2023/09/17,일,한화,KT,대전,6228,대전,한화생명 이글스 파크,"13,000",12000,51.9
2023/09/17,일,삼성,롯데,대구,18746,대구,대구 삼성 라이온즈파크,"24,000",24000,78.10833333333333
2023/09/17,일,KIA,두산,광주,12878,광주,광주-KIA 챔피언스 필드,"20,500",20500,62.81951219512195
2023/09/17,일,LG,SSG,잠실,15193,잠실,서울종합운동장 야구장,"25,553",23750,63.97052631578948
2023/09/17,일,LG,SSG,잠실,14237,잠실,서울종합운동장 야구장,"25,553",23750,59.945263157894736
2023/09/18,월,한화,KT,대전,3425,대전,한화생명 이글스 파크,"13,000",12000,28.541666666666664
2023/09/18,월,KIA,두산,광주,3482,광주,광주-KIA 챔피언스 필드,"20,500",20500,16.98536585365854
2023/09/19,화,KIA,LG,광주,8871,광주,광주-KIA 챔피언스 필드,"20,500",20500,43.27317073170732
2023/09/19,화,두산,NC,잠실,6726,잠실,서울종합운동장 야구장,"25,553",23750,28.32
2023/09/19,화,한화,SSG,대전,4014,대전,한화생명 이글스 파크,"13,000",12000,33.45
2023/09/19,화,KT,삼성,수원,7216,수원,케이티위즈파크,"20,000",18700,38.588235294117645
2023/09/19,화,롯데,키움,사직,5523,사직,사직야구장,"22,990",22758,24.268389137885578
2023/09/21,목,한화,KIA,대전,7747,대전,한화생명 이글스 파크,"13,000",12000,64.55833333333332
2023/09/21,목,SSG,LG,문학,12353,문학,인천 SSG 랜더스필드,"23,000",23000,53.70869565217391
2023/09/21,목,KT,롯데,수원,7691,수원,케이티위즈파크,"20,000",18700,41.1283422459893
2023/09/21,목,키움,NC,고척,5178,고척,고척스카이돔,"17,000",16000,32.3625
2023/09/21,목,삼성,두산,대구,7596,대구,대구 삼성 라이온즈파크,"24,000",24000,31.65
2023/09/22,금,KIA,KT,광주,10221,광주,광주-KIA 챔피언스 필드,"20,500",20500,49.858536585365854
2023/09/22,금,SSG,롯데,문학,11561,문학,인천 SSG 랜더스필드,"23,000",23000,50.265217391304354
2023/09/22,금,LG,NC,잠실,16269,잠실,서울종합운동장 야구장,"25,553",23750,68.50105263157896
2023/09/22,금,삼성,두산,대구,11568,대구,대구 삼성 라이온즈파크,"24,000",24000,48.199999999999996
2023/09/22,금,한화,키움,대전,7088,대전,한화생명 이글스 파크,"13,000",12000,59.06666666666667
2023/09/23,토,LG,한화,잠실,22765,잠실,서울종합운동장 야구장,"25,553",23750,95.85263157894737
2023/09/23,토,KIA,KT,광주,13846,광주,광주-KIA 챔피언스 필드,"20,500",20500,67.54146341463415
2023/09/23,토,SSG,롯데,문학,19725,문학,인천 SSG 랜더스필드,"23,000",23000,85.76086956521739
2023/09/23,토,NC,두산,창원,11026,창원,창원NC파크,"22,112",17891,61.62875188642334
2023/09/24,일,LG,한화,잠실,20369,잠실,서울종합운동장 야구장,"25,553",23750,85.7642105263158
2023/09/24,일,KIA,KT,광주,10108,광주,광주-KIA 챔피언스 필드,"20,500",20500,49.30731707317073
2023/09/24,일,SSG,롯데,문학,16280,문학,인천 SSG 랜더스필드,"23,000",23000,70.78260869565217
2023/09/24,일,NC,두산,창원,8247,창원,창원NC파크,"22,112",17891,46.09580235872785
2023/09/26,화,NC,KIA,창원,6945,창원,창원NC파크,"22,112",17891,38.81840031300654
2023/09/27,수,NC,KIA,창원,3775,창원,창원NC파크,"22,112",17891,21.099994410597507
2023/09/27,수,NC,KIA,창원,8190,창원,창원NC파크,"22,112",17891,45.777206416634066
2023/09/27,수,LG,KT,잠실,5656,잠실,서울종합운동장 야구장,"25,553",23750,23.814736842105262
2023/09/27,수,LG,KT,잠실,14733,잠실,서울종합운동장 야구장,"25,553",23750,62.03368421052632
2023/09/27,수,SSG,두산,문학,6526,문학,인천 SSG 랜더스필드,"23,000",23000,28.37391304347826
2023/09/27,수,SSG,두산,문학,12132,문학,인천 SSG 랜더스필드,"23,000",23000,52.747826086956515
2023/09/27,수,한화,삼성,대전,2807,대전,한화생명 이글스 파크,"13,000",12000,23.391666666666666
2023/09/27,수,한화,삼성,대전,7281,대전,한화생명 이글스 파크,"13,000",12000,60.675000000000004
2023/09/28,목,롯데,한화,사직,12227,사직,사직야구장,"22,990",22758,53.72616222866684
2023/09/28,목,NC,KIA,창원,11864,창원,창원NC파크,"22,112",17891,66.31267117545134
2023/09/28,목,키움,SSG,고척,7082,고척,고척스카이돔,"17,000",16000,44.262499999999996
2023/09/28,목,LG,삼성,잠실,21057,잠실,서울종합운동장 야구장,"25,553",23750,88.66105263157895
2023/09/29,금,롯데,한화,사직,10279,사직,사직야구장,"22,990",22758,45.16653484488971
2023/09/29,금,키움,KIA,고척,14472,고척,고척스카이돔,"17,000",16000,90.45
2023/09/29,금,두산,LG,잠실,20951,잠실,서울종합운동장 야구장,"25,553",23750,88.21473684210527
2023/09/30,토,SSG,KIA,문학,22191,문학,인천 SSG 랜더스필드,"23,000",23000,96.48260869565217
2023/09/30,토,두산,LG,잠실,23750,잠실,서울종합운동장 야구장,"25,553",23750,100.0
2023/09/30,토,삼성,NC,대구,24000,대구,대구 삼성 라이온즈파크,"24,000",24000,100.0
2023/10/01,일,SSG,KIA,문학,22701,문학,인천 SSG 랜더스필드,"23,000",23000,98.7
2023/10/01,일,두산,LG,잠실,23750,잠실,서울종합운동장 야구장,"25,553",23750,100.0
2023/10/01,일,한화,NC,대전,11004,대전,한화생명 이글스 파크,"13,000",12000,91.7
2023/10/01,일,롯데,삼성,사직,20159,사직,사직야구장,"22,990",22758,88.57984005624397
2023/10/01,일,KT,키움,수원,11337,수원,케이티위즈파크,"20,000",18700,60.62566844919785
2023/10/02,월,KT,LG,수원,18700,수원,케이티위즈파크,"20,000",18700,100.0
2023/10/02,월,한화,NC,대전,12000,대전,한화생명 이글스 파크,"13,000",12000,100.0
2023/10/02,월,롯데,삼성,사직,15868,사직,사직야구장,"22,990",22758,69.72493189208191
2023/10/02,월,롯데,삼성,사직,16293,사직,사직야구장,"22,990",22758,71.59240706564725
2023/10/02,월,두산,키움,잠실,18050,잠실,서울종합운동장 야구장,"25,553",23750,76.0
2023/10/03,화,KT,KIA,수원,16841,수원,케이티위즈파크,"20,000",18700,90.05882352941177
2023/10/03,화,SSG,NC,문학,14507,문학,인천 SSG 랜더스필드,"23,000",23000,63.07391304347826
2023/10/03,화,롯데,삼성,사직,13042,사직,사직야구장,"22,990",22758,57.30732050268038
2023/10/03,화,두산,키움,잠실,14588,잠실,서울종합운동장 야구장,"25,553",23750,61.423157894736846
2023/10/04,수,삼성,한화,대구,12571,대구,대구 삼성 라이온즈파크,"24,000",24000,52.37916666666666
2023/10/04,수,KT,KIA,수원,3908,수원,케이티위즈파크,"20,000",18700,20.898395721925134
2023/10/04,수,KT,KIA,수원,5907,수원,케이티위즈파크,"20,000",18700,31.588235294117645
2023/10/04,수,롯데,LG,사직,6970,사직,사직야구장,"22,990",22758,30.626592846471574
2023/10/04,수,SSG,NC,문학,8006,문학,인천 SSG 랜더스필드,"23,000",23000,34.80869565217392
2023/10/05,목,삼성,한화,대구,14483,대구,대구 삼성 라이온즈파크,"24,000",24000,60.34583333333333
2023/10/05,목,KT,KIA,수원,7264,수원,케이티위즈파크,"20,000",18700,38.844919786096256
2023/10/05,목,롯데,LG,사직,10040,사직,사직야구장,"22,990",22758,44.1163546884612
2023/10/05,목,SSG,NC,문학,9004,문학,인천 SSG 랜더스필드,"23,000",23000,39.14782608695652
2023/10/06,금,SSG,한화,문학,15755,문학,인천 SSG 랜더스필드,"23,000",23000,68.5
2023/10/06,금,LG,KIA,잠실,23750,잠실,서울종합운동장 야구장,"25,553",23750,100.0
2023/10/06,금,KT,삼성,수원,8132,수원,케이티위즈파크,"20,000",18700,43.48663101604278
2023/10/07,토,KT,한화,수원,15210,수원,케이티위즈파크,"20,000",18700,81.33689839572192
2023/10/07,토,키움,LG,고척,13301,고척,고척스카이돔,"17,000",16000,83.13125
2023/10/07,토,두산,롯데,잠실,19916,잠실,서울종합운동장 야구장,"25,553",23750,83.85684210526317
2023/10/07,토,NC,SSG,창원,13479,창원,창원NC파크,"22,112",17891,75.33955620144206
2023/10/08,일,KT,한화,수원,15197,수원,케이티위즈파크,"20,000",18700,81.26737967914438
2023/10/08,일,두산,롯데,잠실,21392,잠실,서울종합운동장 야구장,"25,553",23750,90.07157894736842
2023/10/08,일,NC,SSG,창원,10073,창원,창원NC파크,"22,112",17891,56.30205131071489
2023/10/08,일,KIA,삼성,광주,16005,광주,광주-KIA 챔피언스 필드,"20,500",20500,78.07317073170732
2023/10/09,월,NC,한화,창원,8716,창원,창원NC파크,"22,112",17891,48.71723212788553
2023/10/09,월,LG,롯데,잠실,22807,잠실,서울종합운동장 야구장,"25,553",23750,96.02947368421053
2023/10/09,월,KIA,삼성,광주,12758,광주,광주-KIA 챔피언스 필드,"20,500",20500,62.234146341463415
2023/10/10,화,NC,한화,창원,7342,창원,창원NC파크,"22,112",17891,41.03739310267732
2023/10/10,화,LG,롯데,잠실,18521,잠실,서울종합운동장 야구장,"25,553",23750,77.98315789473685
2023/10/10,화,KT,두산,수원,10937,수원,케이티위즈파크,"20,000",18700,58.48663101604278
2023/10/10,화,KIA,SSG,광주,8333,광주,광주-KIA 챔피언스 필드,"20,500",20500,40.64878048780488
2023/10/10,화,키움,삼성,고척,11757,고척,고척스카이돔,"17,000",16000,73.48125
2023/10/11,수,롯데,두산,사직,9940,사직,사직야구장,"22,990",22758,43.67694876526936
2023/10/11,수,KIA,키움,광주,3656,광주,광주-KIA 챔피언스 필드,"20,500",20500,17.834146341463413
2023/10/12,목,KIA,롯데,광주,4767,광주,광주-KIA 챔피언스 필드,"20,500",20500,23.253658536585366
2023/10/12,목,두산,NC,잠실,7113,잠실,서울종합운동장 야구장,"25,553",23750,29.949473684210524
2023/10/13,금,두산,KIA,잠실,19188,잠실,서울종합운동장 야구장,"25,553",23750,80.79157894736842
2023/10/13,금,NC,LG,창원,6257,창원,창원NC파크,"22,112",17891,34.972891397909564
2023/10/13,금,SSG,키움,문학,16783,문학,인천 SSG 랜더스필드,"23,000",23000,72.9695652173913
2023/10/14,토,한화,롯데,대전,9153,대전,한화생명 이글스 파크,"13,000",12000,76.275
2023/10/14,토,LG,두산,잠실,21771,잠실,서울종합운동장 야구장,"25,553",23750,91.66736842105263
2023/10/14,토,삼성,SSG,대구,24000,대구,대구 삼성 라이온즈파크,"24,000",24000,100.0
2023/10/15,일,한화,롯데,대전,9840,대전,한화생명 이글스 파크,"13,000",12000,82.0
2023/10/15,일,LG,두산,잠실,23750,잠실,서울종합운동장 야구장,"25,553",23750,100.0
2023/10/15,일,NC,삼성,창원,17861,창원,창원NC파크,"22,112",17891,99.8323179252138
2023/10/16,월,한화,롯데,대전,12000,대전,한화생명 이글스 파크,"13,000",12000,100.0
2023/10/16,월,KIA,NC,광주,5251,광주,광주-KIA 챔피언스 필드,"20,500",20500,25.614634146341466
2023/10/16,월,두산,SSG,잠실,15850,잠실,서울종합운동장 야구장,"25,553",23750,66.73684210526316
2023/10/17,화,KIA,NC,광주,10175,광주,광주-KIA 챔피언스 필드,"20,500",20500,49.63414634146341
2023/10/17,화,SSG,두산,문학,21007,문학,인천 SSG 랜더스필드,"23,000",23000,91.33478260869565
